"Cluster","category","subcategory","ID","Description","GeneRatio","BgRatio","RichFactor","FoldEnrichment","zScore","pvalue","p.adjust","qvalue","geneID","Count"
"Up","Environmental Information Processing","Signaling molecules and interaction","mmu04060","Cytokine-cytokine receptor interaction","133/1425","294/9575",0.452380952380952,3.03968253968254,14.8530005269568,8.04188029041132e-37,2.65382049583574e-34,1.60837605808226e-34,"16178/16177/107527/17082/16182/16174/12765/16322/20297/21934/16324/12767/240873/14103/16963/16184/215257/54448/215274/16181/16176/12156/21939/245527/13607/16186/12766/16194/18049/12977/242316/21812/326623/21949/12986/21938/21941/21942/22163/16193/100532/20311/57349/56744/330122/14825/20310/17329/15945/55985/110075/57914/56221/209590/14562/12504/16156/232983/21803/16170/320100/16190/60504/246779/15979/14561/24099/14559/23886/16161/50931/20299/20312/20295/76527/16188/21933/21943/16154/16173/12773/21813/13051/12776/12769/80901/23832/12768/12771/12772/12774/18413/16878/14566/12981/57916/66102/20296/20306/20292/20293/20307/20290/20304/20308/20305/20302/20303/18053/12985/12775/16323/57266/21809/18414/16197/18383/12984/12983/16185/72049/15980/27279/16994/21926/16992/50498/21950/50930/53603/56708/77125/12982",133
"Up","Organismal Systems","Immune system","mmu04640","Hematopoietic cell lineage","57/1425","94/9575",0.606382978723404,4.07446808510638,12.5251282661466,1.83089754434537e-24,2.07386112447761e-22,1.25688552998643e-22,"16178/16177/16184/16401/12505/16176/12479/16194/14129/12481/12977/12986/16193/14255/12526/12504/12527/16156/12483/12489/12493/233274/16190/12478/16409/12484/14128/16188/12502/12500/12501/12981/16400/12985/16416/12516/16398/109700/16197/16402/14724/15001/14998/15000/14999/15002/14961/14960/14969/381091/100504404/21926/12475/12507/12482/21673/12982",57
"Up","Environmental Information Processing","Signaling molecules and interaction","mmu04514","Cell adhesion molecules","84/1425","181/9575",0.464088397790055,3.11834835708055,12.0305845369842,1.88532829497965e-24,2.07386112447761e-22,1.25688552998643e-22,"12487/12477/54167/18566/21367/269116/19264/20343/20344/94332/16401/20612/21939/245446/245450/245537/18417/242122/12481/22329/20970/20345/12740/12739/12526/12504/19294/52118/12483/17136/20737/16408/16409/74048/16414/17123/71908/12560/16412/15894/270152/54725/17967/102657/104099/216856/13003/20969/319504/16421/12737/12524/12519/100043314/13052/67374/56173/54419/14972/15001/14998/15000/14999/15002/14961/14960/14969/381091/100504404/14964/15006/15013/15015/110557/15018/110558/15007/14991/14990/19280/12558/225825/12511/58205",84
"Up","Environmental Information Processing","Signaling molecules and interaction","mmu04061","Viral protein interaction with cytokine and cytokine receptor","56/1425","95/9575",0.589473684210526,3.96084949215143,12.126886279166,3.42212382239008e-23,2.82325215347182e-21,1.71106191119504e-21,"16182/16174/12765/20297/12767/16963/16184/16186/12766/16194/12977/21938/16193/20311/57349/56744/330122/14825/20310/17329/15945/55985/56221/20299/20312/20295/76527/21933/16154/16173/12773/13051/12776/12769/23832/12768/12771/12772/12774/20296/20306/20292/20293/20307/20290/20304/20308/20305/20302/20303/12775/57266/16185/21926/16992/50930",56
"Up","Organismal Systems","Development and regeneration","mmu04380","Osteoclast differentiation","63/1425","136/9575",0.463235294117647,3.11261609907121,10.3753411478325,1.4177966128352e-18,9.35745764471234e-17,5.67118645134082e-17,"16177/14200/20846/21934/17970/246256/14131/23797/22030/20375/16176/12229/751864/320832/668101/100038947/13038/14129/12977/18033/21812/16476/16818/18707/14284/17969/12311/18733/18722/18729/100041146/18724/18730/100038909/18726/232801/14282/19698/21803/22177/15979/14728/16477/16391/21943/21813/16822/16416/12702/20963/18035/14281/18383/17972/19094/12703/15980/16440/26415/21926/83433/14283/18034",63
"Up","Human Diseases","Infectious disease: parasitic","mmu05140","Leishmaniasis","42/1425","70/9575",0.6,4.03157894736842,10.6443018382475,4.11910176389655e-18,2.2655059701431e-16,1.37303392129885e-16,"20846/19225/17970/246256/14131/16401/16176/13058/24088/14129/18033/21898/16476/17357/17969/21803/18751/16409/15979/16414/16412/17874/18126/18035/14281/21809/17972/19094/15980/26415/15001/14998/15000/14999/15002/14961/14960/14969/381091/100504404/21926/12266",42
"Up","Organismal Systems","Immune system","mmu04062","Chemokine signaling pathway","77/1425","193/9575",0.398963730569948,2.68075629488228,9.86304526030884,1.06151283732047e-17,5.00427480451077e-16,3.03289382091562e-16,"20846/12765/20297/12767/16963/23797/18796/271849/15162/277360/22376/12766/14696/18176/18033/17096/14191/18707/20311/57349/56744/330122/14825/20310/17329/15945/55985/320129/17969/56221/66066/14709/18751/216148/11513/20299/20312/20295/14702/14678/12773/13051/12776/12769/80901/23832/12768/12771/12772/12774/94176/16428/320207/216869/66102/20296/20306/20292/20293/20307/20290/20304/20308/20305/20302/20303/14710/12775/20848/140580/57266/104111/30955/18035/19354/22324/14773",77
"Up","Human Diseases","Immune disease","mmu05323","Rheumatoid arthritis","47/1425","87/9575",0.540229885057471,3.62996571889494,10.3038069977969,1.50408922146116e-17,6.20436803852728e-16,3.7602230536529e-16,"12487/12477/20297/21934/16176/24088/13038/12977/21898/16476/16193/20311/330122/14825/20310/16156/21803/16408/16414/24099/21943/17392/15894/16173/12981/20296/20293/20304/20302/13039/14281/21809/12524/12519/15001/14998/15000/14999/15002/14961/14960/14969/381091/100504404/16994/21926/27060",47
"Up","Cellular Processes","Transport and catabolism","mmu04145","Phagosome","74/1425","183/9575",0.404371584699454,2.71709327964721,9.80653834375257,1.91489367294151e-17,7.02127680078554e-16,4.25531927320336e-16,"17167/226421/17970/246256/14131/17533/21825/13058/24088/21827/13040/14129/21898/21899/17969/11461/50909/667277/56644/108078/12721/16409/16414/170786/170780/170779/69165/170776/20288/22152/16412/20390/16416/17534/22151/73710/13039/21828/16398/17972/22143/22142/16402/21826/14972/15001/14998/15000/14999/21354/21355/15002/14961/14960/14969/381091/100504404/14964/15006/15013/15015/110557/15018/110558/15007/22154/14991/14990/22153/12266/140792/12475/67951/27060",74
"Up","Organismal Systems","Immune system","mmu04659","Th17 cell differentiation","51/1425","105/9575",0.485714285714286,3.26365914786967,9.75227709692792,2.34345243444673e-16,7.73339303367422e-15,4.68690486889347e-15,"22637/16177/20846/12503/16184/16176/20371/16186/16194/18033/21812/16476/16818/16193/209590/12504/21803/16190/60504/16797/246779/15979/16161/50931/12502/12500/12501/21813/57765/20848/16364/18035/14281/16185/19094/15980/12394/26415/15001/14998/15000/14999/15002/14961/14960/14969/381091/100504404/18037/50498/17126",51
"Up","Cellular Processes","Cell motility","mmu04820","Cytoskeleton in muscle cells","84/1425","232/9575",0.362068965517241,2.43284936479129,9.23797309141906,3.50928435075046e-16,1.05278530522514e-14,6.38051700136447e-15,"14200/12825/12832/14268/13346/12835/13007/21956/27222/98660/22352/12831/71409/241431/16401/21825/12335/14118/12111/94216/21827/59069/213119/12814/118449/22004/12840/14201/20970/15530/11603/13717/11461/12843/20392/68794/11468/14115/74122/13807/16651/21954/232975/233199/21953/12834/12833/13179/12826/12827/326618/16412/22330/213019/56419/53867/319480/22003/104099/30794/12842/16400/16416/192897/18073/67399/13003/21828/16398/109700/20969/70435/18810/17886/14114/22379/16421/16402/21826/13506/16906/14119/107765/54132",84
"Up","Organismal Systems","Immune system","mmu04610","Complement and coagulation cascades","47/1425","94/9575",0.5,3.35964912280702,9.6130150348383,8.3980501249936e-16,2.30946378437324e-14,1.39967502083227e-14,"20720/12269/545366/12628/15139/12258/21824/14071/99571/14161/110135/14066/12630/12260/12262/12259/18787/12267/50909/50908/667277/317677/12273/18793/16409/16411/16414/14068/14058/18791/14065/12759/74145/14062/14064/20701/20703/12062/12274/109828/15160/16644/17174/19128/18815/12268/12266",47
"Up","Human Diseases","Infectious disease: viral","mmu05169","Epstein-Barr virus infection","82/1425","228/9575",0.359649122807018,2.41658971991382,9.05212885399104,1.25172115778139e-15,3.17744601590661e-14,1.92572485812522e-14,"20846/56489/12503/23797/22352/22030/12505/12010/12125/13555/21939/12229/12428/24088/18033/17096/230073/16476/12399/18707/100038882/12571/16193/15945/246728/246727/23961/23960/246730/12444/19698/12447/12478/16408/54123/21929/17873/11783/12567/14128/16391/15894/12502/12500/12501/17874/22059/20848/20963/18035/17869/19094/12018/26415/12575/14972/15001/14998/15000/14999/21354/21355/15002/14961/14960/14969/381091/100504404/21926/14964/15006/15013/15015/110557/15018/110558/15007/14991/14990/18037/12495/18034",82
"Up","Human Diseases","Infectious disease: viral","mmu05166","Human T-cell leukemia virus 1 infection","85/1425","247/9575",0.34412955465587,2.31230911286313,8.73706751980573,7.33506890631829e-15,1.72898052791788e-13,1.0478669866169e-13,"16178/16177/23797/16184/20375/12236/12010/13555/21939/16186/12428/18176/18033/21812/12578/12579/16476/107995/16818/18707/16193/50883/231991/56150/12504/12444/19698/21803/12447/16408/13654/16414/208677/12567/11513/73181/17393/15894/23871/12649/12502/12500/12501/12442/21813/12981/22059/21752/26401/104111/18035/14281/21809/17869/16185/72049/105988/12575/14972/15001/14998/15000/14999/15002/14961/14960/14969/381091/100504404/21926/16992/14964/15006/15013/15015/110557/15018/110558/15007/14991/14990/13653/17126/14283/18034",85
"Up","Human Diseases","Infectious disease: viral","mmu05168","Herpes simplex virus 1 infection","76/1425","213/9575",0.356807511737089,2.39749608763693,8.62445029207225,2.31837333761924e-14,5.10042134276232e-13,3.09116445015899e-13,"20846/56489/24014/14103/23797/22030/332579/15139/71586/12010/16176/18636/24088/18033/230073/18707/16193/246728/246727/23961/23960/246730/231805/78781/19294/18987/54123/15979/11783/13685/69550/16391/11796/214763/81897/17874/22059/20296/20293/20304/16416/12702/20963/18035/16402/15980/12018/14972/15001/14998/15000/14999/21354/21355/15002/14961/14960/14969/381091/100504404/21926/16992/14964/15006/15013/15015/110557/15018/110558/15007/14991/14990/50930/12266/72512/16149",76
"Up","Human Diseases","Immune disease","mmu05321","Inflammatory bowel disease","35/1425","62/9575",0.564516129032258,3.79315223542728,9.22586387628322,3.50206816216044e-14,7.2230155844559e-13,4.37758520270055e-13,"16182/16174/20849/20846/16176/20371/16186/24088/18033/21898/16476/16193/209590/21803/16190/60504/15979/16161/16173/57765/20848/21809/15980/15001/14998/15000/14999/15002/14961/14960/14969/381091/100504404/21926/17126",35
"Up","Human Diseases","Infectious disease: bacterial","mmu05152","Tuberculosis","67/1425","180/9575",0.372222222222222,2.50107212475634,8.50089711072399,8.08104450900708e-14,1.56867334586608e-12,9.50711118706716e-13,"20846/246256/14131/14127/23797/17533/332579/16176/16803/12608/24088/53970/13040/14129/18033/192656/21898/16193/21897/21899/56619/56644/21803/12721/16409/16411/13033/16985/15979/16414/11783/13115/170786/170780/170779/69165/170776/16154/16173/81897/17874/18126/16706/17534/20698/70405/20963/21809/19094/12265/15980/26415/15001/14998/15000/14999/15002/14961/14960/14969/381091/100504404/21926/12266/12475/16149/27060",67
"Up","Environmental Information Processing","Signal transduction","mmu04668","TNF signaling pathway","51/1425","118/9575",0.432203389830508,2.90410347903657,8.70222273717664,8.81092858259401e-14,1.6153369068089e-12,9.78992064732668e-13,"16182/20297/19225/23797/22030/22029/16176/17395/12608/14205/12977/22329/18033/16476/21938/18707/16193/20311/330122/14825/20310/15945/231991/12051/21929/208677/16477/20312/74568/17387/56532/17392/11796/15894/16878/15953/16362/12981/20296/20293/20304/217344/12702/13614/18035/14281/19094/26415/21926/16992/26410",51
"Up","Environmental Information Processing","Signaling molecules and interaction","mmu04512","ECM-receptor interaction","42/1425","89/9575",0.471910112359551,3.17090479006505,8.60338899186036,3.67090500537995e-13,6.37578237776518e-12,3.8641105319789e-12,"14268/12835/16782/16780/16401/12505/21825/94216/21827/213119/21923/329872/12840/15530/11603/666279/13406/15891/20750/12843/16775/12834/12833/12826/12827/16412/319480/104099/15366/12842/16400/16416/192897/21828/16398/109700/20969/16421/16402/14724/16423/21826",42
"Up","Human Diseases","Infectious disease: parasitic","mmu05142","Chagas disease","45/1425","103/9575",0.436893203883495,2.93561573837506,8.25833035310802,1.61478723573578e-12,2.66439893896403e-11,1.61478723573578e-11,"14103/12503/23797/18796/16176/24088/18033/21812/21898/16476/12260/12262/12259/18707/16193/269643/21899/18787/21803/15979/14676/12502/12500/12501/81897/14678/21813/17874/18126/20296/20293/20304/20302/18035/14281/21809/12062/19094/16644/15980/26415/21926/12266/17126/14675",45
"Up","Environmental Information Processing","Signal transduction","mmu04064","NF-kappa B signaling pathway","46/1425","107/9575",0.429906542056075,2.88867027381538,8.21474806020519,1.84392192009303e-12,2.89759158871762e-11,1.75611611437431e-11,"22637/16177/21934/19225/22030/22029/16176/16803/21939/245527/13607/12229/22329/18033/17096/230073/21898/16818/330122/14825/20310/108723/19698/18751/16797/21929/17873/24099/21943/11796/15894/12047/12044/12045/17874/20303/20963/18035/72049/16994/21926/16992/50930/12475/225471/18034",46
"Up","Environmental Information Processing","Signal transduction","mmu04151","PI3K-Akt signaling pathway","105/1425","367/9575",0.286103542234332,1.92241502939911,7.53445922187659,4.34898475613374e-12,6.52347713420062e-11,3.95362250557613e-11,"14268/12835/16782/14103/23797/16780/16184/263803/16401/21825/14178/12125/11602/16186/94216/14205/14696/14173/24088/21827/13639/16194/213119/18049/18176/12977/18033/21923/21898/12840/12986/13836/18707/12571/15234/16193/22629/269643/18595/13874/11839/15891/20750/18590/14255/66066/12843/231991/381810/12444/14709/12447/16190/12478/17863/16775/74747/12834/12833/13637/208677/16000/12567/12826/12827/13685/16412/16188/14702/71785/319480/104099/18413/14172/320207/22059/12842/16400/18053/14710/12985/12189/16416/192897/20963/18212/21828/14062/16398/109700/30955/18654/18414/14573/16197/17869/16185/18591/16421/16402/21826/12575/13640/18596/83490",105
"Up","Human Diseases","Immune disease","mmu05332","Graft-versus-host disease","31/1425","60/9575",0.516666666666667,3.47163742690059,8.03029188271323,2.34787410596247e-11,3.3686889346418e-10,2.04162965735867e-10,"12487/14103/16176/16193/16643/16641/14939/12524/12519/14972/15001/14998/15000/14999/15002/14961/14960/14969/381091/100504404/21926/14964/15006/15013/15015/110557/15018/110558/15007/14991/14990",31
"Up","Human Diseases","Infectious disease: bacterial","mmu05133","Pertussis","36/1425","77/9575",0.467532467532468,3.14149008885851,7.88897696732162,2.51177966303116e-11,3.45369703666784e-10,2.09314971919263e-10,"12269/15139/12258/16176/18033/21898/16476/12260/12262/12259/16193/20311/50909/50908/667277/317677/16409/16414/15900/16412/12362/14678/17874/16362/216799/18126/70405/14281/19094/16402/26415/12268/21926/12266/12475/225471",36
"Up","Organismal Systems","Immune system","mmu04672","Intestinal immune network for IgA production","25/1425","43/9575",0.581395348837209,3.90656874745002,7.98726603457829,6.86610496645979e-11,9.06325855572693e-10,5.49288397316784e-10,"12487/54167/12767/16401/21939/16193/21803/17123/24099/12769/57916/72049/16421/12524/12519/15001/14998/15000/14999/15002/14961/14960/14969/381091/100504404",25
"Up","Human Diseases","Infectious disease: parasitic","mmu05144","Malaria","35/1425","77/9575",0.454545454545455,3.05422647527911,7.56750891981825,1.27153321884893e-10,1.6138690854621e-09,9.78102476037636e-10,"20344/21825/16176/21939/24088/21827/22329/21898/15234/16193/17057/17059/80782/232408/27007/170733/16635/93970/16633/21803/16408/16414/16971/15894/16173/81897/17874/20296/20293/12985/21828/20969/21809/21826/21926",35
"Up","Human Diseases","Infectious disease: parasitic","mmu05146","Amoebiasis","43/1425","108/9575",0.398148148148148,2.67527615334633,7.32094990550123,1.99270458443574e-10,2.42470016313159e-09,1.46951525038278e-09,"16178/16177/12825/14268/226421/16782/16780/18796/16176/94216/24088/12479/18033/21898/18707/16193/330122/14825/20310/15507/12843/21803/18751/16409/11846/16775/16414/14676/12826/12827/22330/12981/18126/12842/20708/20723/20706/20719/109711/21809/21926/12475/14675",43
"Up","Organismal Systems","Immune system","mmu04625","C-type lectin receptor signaling pathway","44/1425","112/9575",0.392857142857143,2.63972431077694,7.29862022579038,2.05732135053589e-10,2.42470016313159e-09,1.46951525038278e-09,"20846/56489/19225/14127/23797/332579/16176/18176/18033/16476/18707/16193/69810/56620/17474/56619/56644/19698/12051/20130/16985/13654/170786/170780/170779/69165/170776/20299/20295/16391/73181/13655/12362/16362/216799/16706/70405/20963/18035/19094/16440/26415/21926/18034",44
"Up","Human Diseases","Infectious disease: viral","mmu05167","Kaposi sarcoma-associated herpesvirus infection","70/1425","223/9575",0.31390134529148,2.10919675871293,7.00783896712658,2.24506187856533e-10,2.55472558595366e-09,1.54831853694161e-09,"20846/56489/19225/23797/22030/15162/13555/277360/14696/14173/18176/18033/17096/16476/18707/12571/16193/330122/14825/20310/66066/14709/54123/15979/12567/14702/16391/73181/15894/12773/12776/12768/12771/12774/21414/12981/320207/22059/14710/20848/70405/20963/30955/18035/14281/17869/18591/19094/12524/57781/239849/271375/74603/54720/12018/16440/26415/12575/14972/14964/15006/15013/15015/110557/15018/110558/15007/14991/14990/12266",70
"Up","Organismal Systems","Immune system","mmu04658","Th1 and Th2 cell differentiation","37/1425","88/9575",0.420454545454545,2.82515948963317,7.19205576252045,5.91641632002853e-10,6.50805795203138e-09,3.94427754668569e-09,"22637/20849/20846/12503/16184/16186/18033/16476/16818/12399/12504/16190/16797/15979/16161/270118/12502/12500/12501/57765/18035/14281/16185/19094/15980/26415/15001/14998/15000/14999/15002/14961/14960/14969/381091/100504404/18037",37
"Up","Human Diseases","Infectious disease: bacterial","mmu05150","Staphylococcus aureus infection","47/1425","128/9575",0.3671875,2.4672423245614,6.98771547038771,7.36092343025342e-10,7.83582171607623e-09,4.74898285822802e-09,"12628/20344/246256/14131/15139/99571/14129/12630/19204/12260/12262/12259/20345/12267/50909/50908/667277/317677/12273/16408/16409/16414/15894/268482/66809/16665/16669/16664/16666/16667/16668/17174/18815/14293/14289/15001/14998/15000/14999/15002/14961/14960/14969/381091/100504404/12268/12266",47
"Up","Organismal Systems","Immune system","mmu04650","Natural killer cell mediated cytotoxicity","45/1425","120/9575",0.375,2.51973684210526,7.00492658056954,7.69909933301436e-10,7.93969618717106e-09,4.81193708313398e-09,"22637/14103/12503/26904/246256/14127/18106/12506/271849/18176/16818/18707/56743/17059/16643/27007/16641/16635/17086/22177/23900/18751/16797/16408/77777/15979/379043/19368/19369/19370/56554/16414/216148/14939/21933/15894/16822/12981/20963/19354/15980/14972/21926/14964/22324",45
"Up","Human Diseases","Infectious disease: viral","mmu05162","Measles","51/1425","145/9575",0.351724137931034,2.36333938294011,6.91683593575084,8.19175419626883e-10,8.18661292765928e-09,4.96158359252078e-09,"20846/12487/56489/14103/27218/23797/16184/71586/16176/17698/16186/170743/24088/18033/230073/21898/16476/18707/12571/16193/246728/246727/23961/23960/246730/12444/170770/12447/54123/21929/11783/12567/170786/170780/170779/69165/170776/16391/12502/12500/12501/81897/17874/22059/20848/18035/14281/16185/17857/17858/12018",51
"Up","Human Diseases","Endocrine and metabolic disease","mmu04940","Type I diabetes mellitus","31/1425","67/9575",0.462686567164179,3.10892903901545,7.24319406167879,8.43469210728532e-10,8.18661292765928e-09,4.96158359252078e-09,"12487/19275/14103/16176/12876/14939/12524/12519/14972/15001/14998/15000/14999/15002/14961/14960/14969/381091/100504404/21926/16992/14964/15006/15013/15015/110557/15018/110558/15007/14991/14990",31
"Up","Cellular Processes","Cellular community - eukaryotes","mmu04510","Focal adhesion","64/1425","202/9575",0.316831683168317,2.12888657286781,6.7805047274353,8.79265744410409e-10,8.29021987586957e-09,5.0243756823452e-09,"14268/12835/16782/23797/16780/16401/21825/271849/228785/192176/94216/18481/14205/21827/213119/21923/16476/12840/18707/15234/18595/15891/20750/18590/11461/12843/12391/12444/13730/22323/16202/18751/16775/12834/12833/216148/16000/12826/12827/16412/22330/71785/11796/319480/104099/12842/16400/16416/192897/21828/16398/109700/109711/18654/19354/18591/64099/16421/16402/13731/107589/21826/22324/18596",64
"Up","Human Diseases","Endocrine and metabolic disease","mmu04933","AGE-RAGE signaling pathway in diabetic complications","40/1425","101/9575",0.396039603960396,2.66110821608477,7.01725506060403,1.03095305537077e-09,9.45040300756542e-09,5.72751697428207e-09,"12825/20846/14268/23797/18796/16176/21824/13058/94216/14205/18176/22329/14066/18033/21812/16476/18707/16193/18787/12843/21803/18751/12567/12826/12827/17390/15894/21813/20296/20293/12842/20848/13614/21809/19094/26415/18712/21926/13653/17126",40
"Up","Human Diseases","Infectious disease: parasitic","mmu05145","Toxoplasmosis","42/1425","109/9575",0.385321100917431,2.58908739739256,6.97674936751407,1.07392009363876e-09,9.57820624056192e-09,5.80497347912844e-09,"20846/16782/23797/16780/21939/24088/18033/21898/21803/15979/16775/16412/239081/11796/16154/14678/17874/12774/16145/54396/320207/18126/20848/30955/18035/21809/19094/12265/12703/15980/26415/15001/14998/15000/14999/15002/14961/14960/14969/381091/100504404/21926",42
"Up","Human Diseases","Infectious disease: viral","mmu05164","Influenza A","57/1425","174/9575",0.327586206896552,2.20114942528736,6.68590151447787,1.84693221560681e-09,1.60391481881644e-08,9.72069587161478e-09,"20846/56489/24014/14103/23797/71586/16176/170743/18033/230073/21898/18707/12571/16193/15945/246728/246727/23961/23960/246730/11461/18751/54123/15979/11783/12567/16391/21933/12362/15894/16173/17874/216799/20296/20293/20304/16647/12702/18035/12265/15980/17857/17858/18815/12018/15001/14998/15000/14999/15002/14961/14960/14969/381091/100504404/21926/77125",57
"Up","Organismal Systems","Immune system","mmu04662","B cell receptor signaling pathway","35/1425","84/9575",0.416666666666667,2.79970760233918,6.92725136521916,2.30818673915655e-09,1.95308108697862e-08,1.18368550725977e-08,"16331/23797/12229/18176/18033/242248/26377/17096/12517/16476/18707/108723/18733/18722/18729/100041146/18724/18730/100038909/18726/232801/12483/18751/12478/68713/14728/12143/15985/20963/18035/14281/19354/18037/22324/83490",35
"Up","Human Diseases","Immune disease","mmu05330","Allograft rejection","28/1425","60/9575",0.466666666666667,3.13567251461988,6.93874978248402,4.35924960170261e-09,3.59638092140465e-08,2.17962480085131e-08,"12487/14103/21939/14939/12524/12519/14972/15001/14998/15000/14999/15002/14961/14960/14969/381091/100504404/21926/14964/15006/15013/15015/110557/15018/110558/15007/14991/14990",28
"Up","Human Diseases","Infectious disease: viral","mmu05163","Human cytomegalovirus infection","73/1425","254/9575",0.28740157480315,1.93113689736151,6.2888969742286,7.18082046901987e-09,5.7796847677477e-08,3.50283925318043e-08,"16177/12765/12767/19225/14103/23797/22030/18796/12010/16176/13555/14696/16194/18176/18033/12578/18707/12571/16193/18595/66066/231991/14709/18751/208677/12567/13685/11513/20312/14702/19217/73181/16154/214763/14678/12768/12771/12774/22059/20296/20293/20304/20302/20303/14710/20848/16416/70405/104111/18035/19219/17869/19354/19094/12018/16440/26415/12575/14972/21354/21355/21926/14964/15006/15013/15015/110557/15018/110558/15007/14991/14990/72512",73
"Up","Organismal Systems","Immune system","mmu04657","IL-17 signaling pathway","36/1425","93/9575",0.387096774193548,2.60101867572156,6.48728885831311,1.44273904654859e-08,1.13358067943104e-07,6.87018593594567e-08,"20297/56489/19225/22030/16819/16176/17395/12608/20201/20202/18033/16476/16193/20311/330122/14825/20310/15945/14282/17833/21929/20295/17392/12981/23939/20296/20306/20292/20293/12985/18035/14281/19094/26415/21926/14283",36
"Up","Organismal Systems","Immune system","mmu04611","Platelet activation","44/1425","126/9575",0.349206349206349,2.3464216095795,6.36134223265491,1.5211054355491e-08,1.1673599854214e-07,7.07490900255394e-08,"12825/18783/14131/14127/23797/54519/18796/228785/12229/70839/54195/60596/99571/14161/110135/17096/18707/19092/11461/12843/232889/19222/22323/14065/11513/16412/234889/14678/16822/320207/12842/16416/20963/14062/16398/104111/30955/19094/14724/107589/16440/26415/108101/19091",44
"Up","Organismal Systems","Immune system","mmu04621","NOD-like receptor signaling pathway","64/1425","216/9575",0.296296296296296,1.99090318388564,6.15912070200864,1.70727324608232e-08,1.28045493456174e-07,7.7603329367378e-08,"20846/56489/24014/383619/15951/22030/332579/18796/16176/13058/18033/229898/229900/14468/14469/192656/21898/16476/16193/330122/14825/20310/71914/246728/246727/23961/23960/246730/18439/69538/378425/54123/21929/28240/16391/56532/12362/12363/12364/11796/55991/16173/19200/17874/54396/216799/22368/637515/20296/20293/20304/17948/17951/17952/17940/18035/69146/19094/54483/16440/26415/106512/21926/72512",64
"Up","Cellular Processes","Cell growth and death","mmu04110","Cell cycle","51/1425","157/9575",0.32484076433121,2.18270197787462,6.24771407030352,1.81017553228588e-08,1.32746205700965e-07,8.04522458793726e-08,"17215/12236/76464/12235/12531/13555/12428/12578/12579/18392/107995/55948/12571/27214/22629/12545/50883/56150/17216/12444/21803/12447/77011/18817/67141/12534/17873/12567/17218/67177/71988/12649/12442/22137/20877/22059/23834/69716/268697/21809/17869/105988/17217/12544/268930/12575/72415/67052/12532/17126/67849",51
"Up","Cellular Processes","Transport and catabolism","mmu04148","Efferocytosis","52/1425","163/9575",0.319018404907975,2.14357980841675,6.15736162915968,2.6026002841433e-08,1.86708281253758e-07,1.13156534093187e-07,"497097/70676/404545/226421/19225/21825/13537/12608/751864/320832/668101/100038947/70839/11303/12260/12262/12259/21803/26362/243958/78070/17304/233571/18218/11846/12484/16971/20312/192654/192187/19217/73181/12362/55991/214058/13051/171285/171284/171283/276891/16416/20698/140580/56696/19219/19094/16423/19128/26415/70417/12642/240672",52
"Up","Organismal Systems","Immune system","mmu04612","Antigen processing and presentation","34/1425","87/9575",0.390804597701149,2.62593264771123,6.37015763097963,2.73813193752046e-08,1.92251816889734e-07,1.16516252660445e-07,"12010/53970/13040/12526/12504/16643/16641/13039/12265/14972/15001/14998/15000/14999/21354/21355/15002/14961/14960/14969/381091/100504404/21926/14964/15006/15013/15015/110557/15018/110558/15007/14991/14990/16149",34
"Up","Human Diseases","Immune disease","mmu05340","Primary immunodeficiency","19/1425","36/9575",0.527777777777778,3.5462962962963,6.40006085816023,1.15423211445463e-07,7.93534578687561e-07,4.80930047689431e-07,"22637/54167/19264/21939/16186/12229/53970/16818/12526/12504/12478/12500/12501/57916/16197/72049/12265/21354/21355",19
"Up","Organismal Systems","Immune system","mmu04620","Toll-like receptor signaling pathway","37/1425","104/9575",0.355769230769231,2.39051956815115,5.96171479218983,1.22122378018938e-07,8.22456831556113e-07,4.98458685791584e-07,"20846/56489/23797/16176/16803/21939/170744/170743/24088/13038/18033/21898/16476/18707/16193/21897/21899/17329/15945/20750/54123/16391/81897/17874/20304/20302/20303/18035/14281/19094/12524/12519/26415/21926/26410/12475/225471",37
"Up","Human Diseases","Cardiovascular disease","mmu05410","Hypertrophic cardiomyopathy","36/1425","100/9575",0.36,2.41894736842105,5.96419750831132,1.28116764133959e-07,8.4557064328413e-07,5.12467056535836e-07,"13346/21956/16401/54652/59069/213119/22004/12293/16193/11461/20392/12391/12288/16651/81905/21954/110891/21803/16000/326618/16412/319480/22003/104099/16400/16416/54377/192897/13614/16398/109700/21809/12297/16421/16402/21926",36
"Up","Human Diseases","Infectious disease: viral","mmu05165","Human papillomavirus infection","90/1425","359/9575",0.250696378830084,1.68450373845477,5.52747968400518,1.79308039339934e-07,1.16022848984663e-06,7.0316878172523e-07,"20846/14268/22420/22409/12835/56489/19225/16782/14103/23797/16780/16401/21825/13555/94216/12428/21827/213119/18176/18033/21923/12840/56198/22417/18707/100038882/12571/269643/15891/20750/23962/231655/16848/12843/231991/22421/12444/12447/16775/12834/12833/208677/12567/12826/12827/13685/16412/16391/270118/319480/104099/21414/16362/84653/22059/12842/16400/103768/57265/16416/12006/192897/21752/21828/16398/109700/19219/22410/16421/16402/17857/17858/21826/12018/12575/14972/21926/14964/15006/15013/15015/110557/15018/110558/15007/14991/14990/18596/93737/27060",90
"Up","Human Diseases","Cardiovascular disease","mmu05416","Viral myocarditis","34/1425","94/9575",0.361702127659574,2.43038447181784,5.82726783413753,2.50411317903732e-07,1.58914874823523e-06,9.63120453475894e-07,"12487/21939/11461/20392/12391/16651/16408/16414/15894/19354/12524/12519/13052/14972/15001/14998/15000/14999/15002/14961/14960/14969/381091/100504404/14964/15006/15013/15015/110557/15018/110558/15007/14991/14990",34
"Up","Human Diseases","Cardiovascular disease","mmu05414","Dilated cardiomyopathy","36/1425","103/9575",0.349514563106796,2.34849259070005,5.75336161611723,2.99690896960741e-07,1.86599992447254e-06,1.13090904513487e-06,"13346/21956/16401/54652/59069/213119/22004/12293/11461/20392/12391/12288/16651/81905/21954/110891/21803/16000/326618/11513/16412/319480/22003/104099/16400/16416/54377/192897/16398/109700/104111/21809/12297/16421/16402/21926",36
"Up","Organismal Systems","Endocrine system","mmu04926","Relaxin signaling pathway","42/1425","130/9575",0.323076923076923,2.17085020242915,5.62014304892348,3.84415591385638e-07,2.34920639180112e-06,1.42376144957644e-06,"12825/23797/18796/271849/17395/94216/14205/14696/381489/18176/18033/21812/16476/18707/66066/12843/231991/14709/21803/216148/208677/14676/12826/12827/11513/17390/14702/14678/21813/216869/18126/12842/14710/13614/104111/18035/14281/239336/19094/26415/17126/11475",42
"Up","Cellular Processes","Cell motility","mmu04810","Regulation of actin cytoskeleton","64/1425","234/9575",0.273504273504274,1.83775678512521,5.4250598779699,4.45296931419356e-07,2.67178158851614e-06,1.61926156879766e-06,"226970/14268/12767/23797/18718/15139/16401/14178/228785/73341/17698/18481/19241/14173/404710/213119/18176/18707/242894/18595/16885/18590/11461/11867/381810/20130/16408/16409/16411/381924/83767/16414/16412/22330/56419/71785/319480/104099/14172/16407/237860/16400/16416/192897/14062/16398/109700/76820/20259/109711/12062/12274/109828/223601/17886/19354/18591/16421/16402/105855/16644/107589/22324/18596",64
"Up","Human Diseases","Cancer: overview","mmu05235","PD-L1 expression and PD-1 checkpoint pathway in cancer","32/1425","88/9575",0.363636363636364,2.44338118022329,5.68765523983048,4.88974258804359e-07,2.88145545366855e-06,1.746336638587e-06,"22637/20846/12487/18566/12503/23797/381319/24088/18176/18033/21898/16476/16818/18707/12504/16797/15979/12502/12500/12501/81897/17874/20848/18035/14281/53314/19094/15980/26415/18037/225471/74481",32
"Up","Environmental Information Processing","Signal transduction","mmu04010","MAPK signaling pathway","76/1425","299/9575",0.254180602006689,1.70791527313266,5.20010180121081,9.28206989478596e-07,5.37382993908661e-06,3.25686662974946e-06,"26921/16177/320139/18783/14103/23797/63953/22030/14178/13537/16176/12531/11602/54652/192176/14205/14173/13639/18049/18176/12977/18033/21812/16476/13836/12293/15234/18595/13874/11839/15507/18590/14255/12288/81905/232889/19698/21803/26411/233046/20130/18751/18218/13637/17873/16000/12286/71785/21813/17874/14172/23939/22059/216869/18053/54377/18212/17260/26401/18654/14281/21809/14573/17869/19354/18591/19094/12297/26415/21926/13640/26410/12475/18596/18034/240672",76
"Up","Cellular Processes","Cell growth and death","mmu04210","Apoptosis","42/1425","135/9575",0.311111111111111,2.09044834307992,5.33533045321412,1.19721765743174e-06,6.81175563711161e-06,4.12833674976461e-06,"14103/23797/22030/22029/12125/13038/13040/18049/18176/18033/16476/18707/12123/11461/170770/13032/13033/17873/11783/16188/14939/21933/12364/11796/12047/12044/12045/22059/11799/13039/18035/14281/12984/12983/22143/22142/12018/16440/21926/16906/58801/13041",42
"Up","Human Diseases","Infectious disease: bacterial","mmu05135","Yersinia infection","42/1425","136/9575",0.308823529411765,2.07507739938081,5.27984936960592,1.48744536095408e-06,8.31960964601437e-06,5.04218766425113e-06,"22637/14268/14131/23797/22030/215280/16401/16176/22376/18033/21898/16476/16818/18707/242894/16193/16885/11461/11867/12526/12504/56212/16797/16412/12362/16173/17874/16822/216799/20296/20293/140580/18035/14281/23880/19354/19094/16402/54483/26415/21926/22324",42
"Up","Cellular Processes","Cell growth and death","mmu04218","Cellular senescence","52/1425","183/9575",0.284153005464481,1.90930879110344,5.1931782809722,1.54276125591573e-06,8.48518690753652e-06,5.1425375197191e-06,"54354/23797/13555/12428/18176/18033/21812/12578/12579/18707/12571/16193/50883/18787/12444/14235/21803/233020/12447/20130/12534/17873/12567/13685/73181/14463/23871/12649/12442/21813/22059/70405/268697/12192/21809/17869/19094/16440/26415/12575/14972/14964/15006/15013/15015/110557/15018/110558/15007/14991/14990/17126",52
"Up","Human Diseases","Infectious disease: bacterial","mmu05134","Legionellosis","24/1425","60/9575",0.4,2.68771929824561,5.48336031551174,1.84210122408398e-06,9.87154262719985e-06,5.98275310739385e-06,"16176/24088/18033/21898/16193/330122/14825/20310/16409/16414/11783/12362/16173/17874/11841/17948/17951/17952/17940/18035/21926/12266/12475/18034",24
"Up","Human Diseases","Immune disease","mmu05320","Autoimmune thyroid disease","28/1425","76/9575",0.368421052631579,2.47553093259464,5.39997202625386,1.85818675822881e-06,9.87154262719985e-06,5.98275310739385e-06,"12487/12477/14103/21939/14939/12524/12519/14972/15001/14998/15000/14999/15002/14961/14960/14969/381091/100504404/14964/15006/15013/15015/110557/15018/110558/15007/14991/14990",28
"Up","Organismal Systems","Immune system","mmu04670","Leukocyte transendothelial migration","38/1425","119/9575",0.319327731092437,2.14565826330532,5.25835836015153,1.88456722882906e-06,9.87154262719985e-06,5.98275310739385e-06,"12767/54354/17970/16401/17395/13058/17698/18417/22329/18707/74734/17969/12740/12739/11461/22323/18751/16408/16409/16414/71908/17390/16412/22330/15894/21838/14678/16428/109711/17972/19354/19094/12737/67374/56173/54419/26415/22324",38
"Up","Human Diseases","Immune disease","mmu05310","Asthma","14/1425","25/9575",0.56,3.76280701754386,5.7835461894972,2.17458563992636e-06,1.12127072058703e-05,6.79558012476988e-06,"14127/21939/20292/15001/14998/15000/14999/15002/14961/14960/14969/381091/100504404/21926",14
"Up","Human Diseases","Infectious disease: viral","mmu05170","Human immunodeficiency virus 1 infection","62/1425","241/9575",0.257261410788382,1.72861614617457,4.79014603098785,6.15357314301525e-06,3.12412174953082e-05,1.89340712092777e-05,"12767/14103/12503/23797/22030/12010/56045/18481/108012/14696/24088/18176/18033/21898/16476/21938/18707/16885/66066/12504/14709/18751/12534/69550/14702/73181/12649/12502/12500/12501/12442/214763/14678/17874/12774/14710/70405/268697/18035/14281/19354/80287/19094/12018/16440/26415/14972/21354/21355/21926/14964/15006/15013/15015/110557/15018/110558/15007/14991/14990/12532/72512",62
"Up","Human Diseases","Cancer: specific types","mmu05222","Small cell lung cancer","31/1425","94/9575",0.329787234042553,2.21593878312803,4.95363386474504,7.85699901435245e-06,3.92849950717623e-05,2.38090879222802e-05,"14268/19225/16782/23797/16780/22030/22029/13555/94216/54124/18033/12579/18707/12571/12447/16775/17873/11783/12567/12826/12827/16412/11796/22059/18126/16400/16398/18035/17869/12018/12575",31
"Up","Genetic Information Processing","Information processing in viruses","mmu03260","Virion - Human immunodeficiency virus","8/1425","10/9575",0.8,5.37543859649123,5.78834549841685,8.03239442828233e-06,3.95625397213906e-05,2.39772968008428e-05,"12767/12504/170786/170780/170779/69165/170776/12774",8
"Up","Environmental Information Processing","Signal transduction","mmu04015","Rap1 signaling pathway","56/1425","214/9575",0.261682242990654,1.75832103623545,4.6910947748204,9.99185732183472e-06,4.79015916822183e-05,2.90312676861929e-05,"54354/23797/54519/21825/18796/14178/11602/14205/14173/13639/18049/18176/12977/12801/13836/18707/15234/18595/18590/11461/381810/14812/22323/20130/18751/16797/16408/16409/11540/16414/13637/16000/14065/11513/16412/71785/14678/14172/16822/18053/16416/70405/14062/104111/18654/14026/23880/19354/18591/19094/14293/26415/22324/13640/18596/93737",56
"Up","Human Diseases","Cancer: overview","mmu05205","Proteoglycans in cancer","54/1425","204/9575",0.264705882352941,1.77863777089783,4.70037947532439,1.00157873517366e-05,4.79015916822183e-05,2.90312676861929e-05,"14268/22420/22409/13345/14103/23797/12505/21825/17395/14734/192176/17698/14173/24088/18176/21898/22417/15530/18707/15234/15442/11461/12843/22421/12391/18793/21803/20130/18751/16000/13179/17022/17390/16412/22059/12842/20848/57265/16416/13039/16398/20969/22160/17869/19094/22410/16402/15163/16440/26415/12575/21926/22324/17126",54
"Up","Environmental Information Processing","Signal transduction","mmu04014","Ras signaling pathway","60/1425","236/9575",0.254237288135593,1.70829616413916,4.60676483426672,1.28396401026616e-05,5.99233438319439e-05,3.6317178079966e-05,"22637/54354/18783/14103/23797/271849/14178/11602/18481/14205/14696/14173/13639/18049/18176/12977/18033/18782/26970/13836/18707/15234/18595/19415/54153/18590/14255/66066/14812/232889/14709/233046/20130/18751/16797/69836/216148/13637/16000/19414/14702/71785/23871/19696/14172/18806/16706/18053/14710/70405/18212/18654/19354/18591/240057/320484/13640/18596/225870/15566",60
"Up","Environmental Information Processing","Signal transduction","mmu04630","JAK-STAT signaling pathway","47/1425","171/9575",0.274853801169591,1.84682466399918,4.67208335894556,1.28925982183879e-05,5.99233438319439e-05,3.6317178079966e-05,"20849/20846/11761/71872/23797/16184/16186/16194/12986/18707/16193/18595/57914/18590/209590/12444/16156/16190/60504/246779/15979/16161/50931/16188/16391/16154/18413/16878/12981/12985/20848/12702/18414/16197/17869/12984/12983/16185/18591/12703/15980/12575/18712/53603/18596/56708/12982",47
"Up","Human Diseases","Infectious disease: bacterial","mmu05132","Salmonella infection","63/1425","252/9575",0.25,1.67982456140351,4.57293068805085,1.39412703800235e-05,6.38974892417742e-05,3.87257510556208e-05,"226421/19264/23797/22030/16176/192176/18481/24088/20194/18033/192656/21898/16476/18707/242894/16193/21899/74734/11461/11867/232943/20130/56212/74568/22152/56532/21933/12362/12363/11796/16173/12306/81897/17874/21414/216799/11841/140580/22151/73710/17948/17951/17952/17940/11852/30955/18035/80837/14281/17869/69146/72318/19094/22143/22142/105855/12018/26415/21926/22154/22153/12475/67951",63
"Up","Cellular Processes","Cell growth and death","mmu04115","p53 signaling pathway","26/1425","75/9575",0.346666666666667,2.3293567251462,4.83265403360766,1.54103790129854e-05,6.93538740168272e-05,4.20326509192892e-05,"20724/67874/21825/12578/55948/12571/50883/18787/12444/170770/12447/12534/17873/16000/11783/12567/21933/12649/12442/22059/268697/20135/29870/29813/12575/58801",26
"Up","Human Diseases","Cardiovascular disease","mmu05417","Lipid and atherosclerosis","56/1425","217/9575",0.258064516129032,1.73401245048104,4.57316754218657,1.5552080840137e-05,6.93538740168272e-05,4.20326509192892e-05,"56489/17970/14103/20344/23797/22030/18796/16176/16803/17395/21939/13058/24088/18176/22329/18033/17096/11303/21898/16476/230459/18707/16193/21899/330122/14825/20310/17969/108078/18987/54123/11783/21933/12362/17392/15894/16173/17874/216799/22059/20296/20293/20304/20302/20848/70405/18035/14281/17972/19094/26415/11307/21926/22324/12475/225471",56
"Up","Human Diseases","Infectious disease: viral","mmu05161","Hepatitis B","45/1425","164/9575",0.274390243902439,1.84370988446727,4.55693164164087,2.05154644435614e-05,9.02680435516701e-05,5.47079051828304e-05,"20849/20846/56489/14103/23797/71586/13555/17395/12428/24088/18176/18033/230073/21812/21898/16476/15530/18707/16193/231991/21803/12447/18751/54123/13654/208677/11783/73181/13655/12364/21813/17874/22059/20848/11799/26401/18035/14281/21809/17869/19094/26415/12575/21926/225471",45
"Up","Organismal Systems","Digestive system","mmu04974","Protein digestion and absorption","33/1425","108/9575",0.305555555555556,2.05311890838207,4.6021253017904,2.46974991435578e-05,0.00010723914101808,6.49934187988362e-05,"12825/12832/12835/27222/98660/12831/94216/12814/12819/12840/329941/107581/13717/12843/213945/110891/16534/232975/12813/12834/12833/12822/12826/12827/53867/12816/246049/12842/328059/12818/67760/12837/12821",33
"Up","Cellular Processes","Cellular community - eukaryotes","mmu04540","Gap junction","28/1425","86/9575",0.325581395348837,2.18767849857201,4.62608103323355,2.78897350974878e-05,0.000119527436132091,7.24408703830853e-05,"15559/18796/54195/60596/18176/18595/19092/18590/18751/12534/11513/22152/234889/71785/14678/23939/22151/73710/104111/18591/22143/22142/16440/22154/22153/18596/67951/19091",28
"Up","Organismal Systems","Immune system","mmu04660","T cell receptor signaling pathway","35/1425","122/9575",0.286885245901639,1.92766752947944,4.31184143222813,6.1868939826921e-05,0.000258989614682273,0.000156963402837741,"22637/12487/12477/54167/18566/19264/12503/23797/18481/18176/18033/16476/16818/18707/269643/108723/12526/12504/16797/12567/12502/12500/12501/16822/16428/12981/18035/14281/17444/19094/26415/21926/18037/22324/26410",35
"Up","Organismal Systems","Immune system","mmu04666","Fc gamma R-mediated phagocytosis","29/1425","94/9575",0.308510638297872,2.07297499066816,4.37121121848338,6.20005441209077e-05,0.000258989614682273,0.000156963402837741,"16331/19264/18783/246256/14131/23797/15162/22376/14129/17096/17357/18707/242894/17969/16885/11867/232889/22323/18751/16797/17118/83767/18806/20698/218038/20963/20259/19354/22324",29
"Up","Human Diseases","Cardiovascular disease","mmu05412","Arrhythmogenic right ventricular cardiomyopathy","27/1425","86/9575",0.313953488372093,2.10954712362301,4.32175450700056,7.86938390022009e-05,0.000324612085884079,0.000196734597505502,"13346/16401/54652/213119/12293/11461/20392/12391/12288/16651/81905/110891/16412/319480/104099/21414/16400/16416/54377/192897/16398/109700/12297/16421/16402/12558/13506",27
"Up","Genetic Information Processing","Information processing in viruses","mmu03264","Virion - Flavivirus and Alphavirus","8/1425","13/9575",0.615384615384615,4.13495276653171,4.72937387136111,0.000150794142685919,0.000614346507238931,0.000372331216508443,"74761/170786/170780/170779/69165/170776/171284/171283",8
"Up","Cellular Processes","Cell motility","mmu04814","Motor proteins","49/1425","198/9575",0.247474747474747,1.66285663654085,3.9409015470813,0.000159886032026299,0.000643443787422911,0.000389965931771462,"17912/16560/21956/16565/381293/269152/228421/16571/59069/229841/22004/73804/16559/74376/11461/11468/21954/232943/16576/110033/21953/432516/17925/326618/22152/110084/71819/22003/209737/246177/103768/70218/286942/22151/73710/75050/17886/22143/22142/13417/17916/100502766/22154/319991/22153/19348/67951/11475/16551",49
"Up","Environmental Information Processing","Signal transduction","mmu04350","TGF-beta signaling pathway","31/1425","110/9575",0.281818181818182,1.89362041467305,3.9415265331051,0.000227254092463543,0.000903540367626135,0.000547600222803718,"16324/23893/13590/23892/21825/14118/12156/228839/209268/242316/21812/12579/17965/50765/21803/13732/244058/434215/13179/207596/22041/21813/16323/15216/14313/21809/17869/224109/21926/21815/17126",31
"Up","Organismal Systems","Immune system","mmu04623","Cytosolic DNA-sensing pathway","25/1425","82/9575",0.304878048780488,2.04856653829696,3.98727802843807,0.000239754415595018,0.000941892346980426,0.000570843846654804,"56489/383619/15951/26388/16176/56045/58203/18033/230073/16193/15945/54123/74568/56532/12362/16173/214763/216799/20304/20303/18035/69146/54483/72512/77125",25
"Up","Genetic Information Processing","Information processing in viruses","mmu03265","Virion - Ebolavirus, Lyssavirus and Morbillivirus","9/1425","17/9575",0.529411764705882,3.55727554179567,4.41259239301683,0.000273297357644716,0.00106103680026772,0.000643052606222862,"71740/27218/170786/170780/170779/69165/170776/17967/18053",9
"Up","Human Diseases","Infectious disease: viral","mmu05160","Hepatitis C","42/1425","167/9575",0.251497005988024,1.68988339111251,3.76063003283468,0.000317514595942778,0.00121836996117578,0.000738406037076228,"20846/56489/24014/14103/23797/22030/13555/18417/18176/18033/230073/18707/12571/22629/269643/15945/246728/246727/23961/23960/246730/12740/12739/54123/11783/12567/71908/16391/22059/20848/12702/18035/17869/12737/56173/17857/17858/54419/12018/12575/21926/15957",42
"Up","Human Diseases","Cancer: overview","mmu05203","Viral carcinogenesis","53/1425","228/9575",0.232456140350877,1.56194213604186,3.59085806739254,0.000469811276381519,0.00178204277248163,0.00108002592271614,"22030/22029/12428/18176/18033/17096/12578/12579/16476/107995/18707/12571/22629/231991/12444/12447/54123/13654/12534/208677/12567/16391/13655/12649/12773/12776/12771/12774/19696/22059/20848/20963/79221/20259/18035/109711/56233/12018/12575/14972/14964/15006/15013/15015/110557/15018/110558/15007/14991/14990/12266/58801/18034",53
"Up","Organismal Systems","Endocrine system","mmu04921","Oxytocin signaling pathway","38/1425","154/9575",0.246753246753247,1.65800865800866,3.44206292869161,0.000886336904657124,0.00332376339246421,0.00201440205603892,"18783/19225/16524/227541/18796/228785/54652/54195/60596/18176/16476/12293/11461/18430/12288/81905/232889/20190/13631/18751/28240/11513/73181/234889/14678/23939/320207/54377/70405/17260/104111/30955/14281/12297/107589/54720/16440/12575",38
"Up","Human Diseases","Infectious disease: parasitic","mmu05143","African trypanosomiasis","14/1425","39/9575",0.358974358974359,2.41205578047683,3.69467612933913,0.000951409363396526,0.00352769763956015,0.0021379985694304,"14103/18796/16176/22329/16193/18751/16775/15894/16173/81897/17874/14063/16644/21926",14
"Up","Metabolism","Glycan biosynthesis and metabolism","mmu00601","Glycosphingolipid biosynthesis - lacto and neolacto series","11/1425","27/9575",0.407407407407407,2.73749187784275,3.78027852699052,0.000994201625133049,0.00364540595882118,0.00220933694474011,"14594/26877/53418/14343/14344/56546/72297/14345/239559/108105/56375",11
"Up","Human Diseases","Cancer: specific types","mmu05212","Pancreatic cancer","22/1425","76/9575",0.289473684210526,1.94506001846722,3.45861787789163,0.0012024414190075,0.00436050184914808,0.00264272839342308,"20846/23797/19361/13555/73341/18033/21812/12578/18707/12571/21803/17873/12567/21813/22059/18806/20848/21809/19354/12018/12575/17126",22
"Up","Human Diseases","Cancer: specific types","mmu05218","Melanoma","21/1425","72/9575",0.291666666666667,1.95979532163743,3.41814004017248,0.00138590382779352,0.00497117677360721,0.00301283440824679,"23797/14178/13555/14173/18176/12578/18707/12571/15234/18595/18590/17873/16000/12567/71785/14172/22059/18591/12018/12575/18596",21
"Up","Human Diseases","Cardiovascular disease","mmu05418","Fluid shear stress and atherosclerosis","36/1425","148/9575",0.243243243243243,1.63442389758179,3.25236274153857,0.00156916751220378,0.00556801375298114,0.00337455378968554,"16178/16177/17970/23797/16176/21824/17395/22329/18033/16476/18707/17969/18590/11461/12391/18791/15368/17390/15894/23939/22059/20296/20293/16416/70405/13614/13039/17260/20969/14281/19354/18591/19094/26415/21926/225884",36
"Up","Human Diseases","Cancer: specific types","mmu05210","Colorectal cancer","24/1425","88/9575",0.272727272727273,1.83253588516746,3.28061440352653,0.00182615736427002,0.00637488951528782,0.00386356940320474,"23797/12125/18176/21812/16476/18707/13874/11839/170770/21803/17873/21813/21414/22059/12006/11799/14281/21809/17869/19354/12018/12575/58801/17126",24
"Up","Organismal Systems","Circulatory system","mmu04270","Vascular smooth muscle contraction","35/1425","144/9575",0.243055555555556,1.63316276803119,3.2010546009994,0.00183519546652225,0.00637488951528782,0.00386356940320474,"51801/18783/18796/228785/54652/54195/60596/277753/13118/435802/18782/26970/109624/11468/12288/232889/19222/116903/18751/69836/11540/13617/11513/16531/234889/16533/11548/70405/13614/104111/17886/107589/16440/19091/11475",35
"Up","Human Diseases","Cancer: overview","mmu05202","Transcriptional misregulation in cancer","50/1425","226/9575",0.221238938053097,1.48657040832169,3.09522818955572,0.00210325118364409,0.00722992594377657,0.00438177329925853,"16178/22029/20375/17395/21939/12608/12428/17349/14129/18033/18124/16193/18590/14255/15396/12444/56312/16409/17873/16000/15364/18791/17095/14939/17392/11796/14247/12047/12044/12045/21813/17268/19696/12981/22059/18053/17260/18109/20471/17869/16185/16421/12524/80859/12394/12018/12575/12393/12475/15242",50
"Up","Human Diseases","Cancer: specific types","mmu05221","Acute myeloid leukemia","20/1425","70/9575",0.285714285714286,1.91979949874687,3.22954594464024,0.00234166545645013,0.00796649072812932,0.00482817619886626,"23797/20375/12428/14129/18176/18033/18707/14255/16409/13685/12047/12044/12045/21414/12981/20848/17869/12394/18712/12475",20
"Up","Human Diseases","Cancer: specific types","mmu05214","Glioma","21/1425","75/9575",0.28,1.88140350877193,3.20419503759171,0.00242191464947867,0.00815542688089757,0.00494268295811974,"23797/227541/271849/13555/18176/12578/18707/12571/18595/18590/18751/216148/17873/16000/12567/22059/70405/18591/12018/12575/18596",21
"Up","Organismal Systems","Immune system","mmu04664","Fc epsilon RI signaling pathway","19/1425","66/9575",0.287878787878788,1.93434343434343,3.18483121798764,0.00271044016723494,0.00903480055744982,0.00547563670148474,"16331/18783/14127/23797/12229/18176/17096/18707/11690/232889/16797/16822/12981/20963/19354/19094/26415/21926/22324",19
"Up","Organismal Systems","Endocrine system","mmu04924","Renin secretion","21/1425","76/9575",0.276315789473684,1.85664819944598,3.13505885316459,0.00288753170111311,0.00943450951848839,0.00571788455665963,"18796/54652/54195/60596/12722/80797/229927/19092/11517/12288/54611/13617/16531/19217/234889/14678/70405/13614/19219/18574/16440",21
"Up","Human Diseases","Cancer: specific types","mmu05220","Chronic myeloid leukemia","21/1425","76/9575",0.276315789473684,1.85664819944598,3.13505885316459,0.00288753170111311,0.00943450951848839,0.00571788455665963,"23797/271849/13555/18176/18033/21812/12578/18707/12571/21803/216148/17873/12567/21813/22059/18035/21809/17869/12394/12018/12575",21
"Up","Human Diseases","Infectious disease: bacterial","mmu05100","Bacterial invasion of epithelial cells","21/1425","77/9575",0.272727272727273,1.83253588516746,3.06695625477106,0.00342604124818301,0.0110842510970627,0.00671772793761375,"14268/18000/271849/18707/242894/52398/11461/11867/12391/56212/16202/83767/216148/16412/22330/20362/140580/24050/16402/15163/12488",21
"Up","Organismal Systems","Environmental adaptation","mmu04713","Circadian entrainment","25/1425","99/9575",0.252525252525253,1.69679248626617,2.91396190308805,0.00458152583206208,0.014678674995927,0.00889616666419821,"16524/18796/14696/54195/60596/19092/66066/11517/12288/14812/14709/20190/18751/11513/14702/234889/14802/14678/19416/14710/70405/104111/14281/16440/19091",25
"Up","Organismal Systems","Nervous system","mmu04724","Glutamatergic synapse","28/1425","116/9575",0.241379310344828,1.62189957652753,2.81774691093275,0.00552979650528297,0.0174964042142659,0.0106038813419793,"18783/20511/18796/14696/14807/320129/66066/12288/14812/232889/14709/18751/20513/216456/26558/12286/11513/14702/14802/14678/13385/18806/14710/104111/105727/67760/14805/16440",28
"Up","Human Diseases","Drug resistance: antineoplastic","mmu01521","EGFR tyrosine kinase inhibitor resistance","21/1425","80/9575",0.2625,1.76381578947368,2.86854376423998,0.00556703770453916,0.0174964042142659,0.0106038813419793,"23797/271849/12125/14173/16194/18176/18707/15234/16193/18595/18590/26362/18751/216148/16000/13685/211323/71785/20848/18591/18596",21
"Up","Environmental Information Processing","Signal transduction","mmu04371","Apelin signaling pathway","32/1425","139/9575",0.23021582733813,1.54688880474568,2.71573760793788,0.00674907423344429,0.0210112688399681,0.0127341023272534,"23797/23796/18796/228785/14696/18176/21812/20750/18787/66066/110891/14709/20190/20130/14219/18791/11513/14702/14678/320207/18126/14710/20698/70405/17260/104111/30955/107589/16440/13653/17126/11475",32
"Up","Human Diseases","Cancer: specific types","mmu05226","Gastric cancer","34/1425","150/9575",0.226666666666667,1.52304093567251,2.6997028786334,0.00687105401346101,0.0211911011630106,0.0128430916139458,"22420/22409/23797/271849/14178/13555/14173/18176/12557/21812/12579/22417/18707/15234/22421/21803/12447/27412/216148/17873/21813/14172/21414/22059/57265/12006/21752/21809/17869/22410/12018/12575/17126/212398",34
"Up","Metabolism","Glycan biosynthesis and metabolism","mmu00603","Glycosphingolipid biosynthesis - globo and isoglobo series","7/1425","17/9575",0.411764705882353,2.76676986584107,3.04857069283487,0.00787145658952824,0.0240516729124474,0.0145767714620893,"227671/14343/14344/56546/15211/20442/239559",7
"Up","Human Diseases","Cancer: specific types","mmu05224","Breast cancer","33/1425","147/9575",0.224489795918367,1.50841389187254,2.59741670010915,0.00889438464714363,0.0266517899246065,0.016152599954307,"22420/22409/23797/271849/14178/13555/14173/18176/16476/56198/22417/18707/12571/22421/27412/216148/17873/16000/12567/21943/14172/21414/22059/12189/57265/12006/14281/17869/22410/12018/12575/212398/18034",33
"Up","Environmental Information Processing","Signal transduction","mmu04390","Hippo signaling pathway","35/1425","158/9575",0.221518987341772,1.48845214301577,2.58862783647754,0.0089149936882214,0.0266517899246065,0.016152599954307,"22420/22409/12156/242316/21812/22417/22629/269643/11839/18787/11461/22421/12444/170770/21803/21677/14219/16414/93960/11796/21813/21414/13385/57265/12006/11799/72293/319710/21809/17869/27373/22410/20583/17126/93737",35
"Up","Human Diseases","Cancer: specific types","mmu05217","Basal cell carcinoma","17/1425","63/9575",0.26984126984127,1.81314397103871,2.70755407842266,0.00896469297464037,0.0266517899246065,0.016152599954307,"22420/22409/12156/19207/22417/22421/16576/17873/14632/21414/22059/57265/12006/14634/22410/12018/12575",17
"Up","Organismal Systems","Immune system","mmu04613","Neutrophil extracellular trap formation","44/1425","209/9575",0.210526315789474,1.4145891043398,2.53389894144058,0.00951914152086736,0.0280474705525556,0.0169984670015489,"17970/20344/246256/14131/23797/15139/18796/13058/170744/170743/99571/14161/110135/24088/14129/18033/21898/18602/18707/20345/17969/11461/56644/12273/18751/16408/16409/404634/16414/12362/12363/64008/16416/20963/79221/69146/17972/19354/19094/56233/14293/14289/26415/12266",44
"Up","Environmental Information Processing","Signal transduction","mmu04022","cGMP-PKG signaling pathway","37/1425","172/9575",0.215116279069767,1.44543043655651,2.46482581648879,0.0117621371498941,0.0343496040660624,0.0208179418582196,"27222/98660/23797/18796/228785/54652/54195/60596/242202/18386/19092/231991/12288/54611/110891/22323/232975/208677/13617/11513/16531/73181/14463/234889/14678/16533/11548/320207/70405/17260/104111/30955/12062/16644/107589/16440/19091",37
"Up","Human Diseases","Immune disease","mmu05322","Systemic lupus erythematosus","33/1425","150/9575",0.22,1.47824561403509,2.46848950597763,0.0120466640958013,0.0348719223825828,0.0211344984136865,"12487/246256/14131/15139/21939/14129/12260/12262/12259/50909/50908/667277/317677/14812/404634/109711/12274/109828/12524/12519/15001/14998/15000/14999/15002/14961/14960/14969/381091/100504404/12268/21926/12266",33
"Up","Organismal Systems","Nervous system","mmu04730","Long-term depression","16/1425","60/9575",0.266666666666667,1.79181286549708,2.57258138156719,0.012409262656544,0.0356091884926914,0.0215813263592069,"18783/18796/54195/60596/18176/17096/19092/232889/20190/18751/16000/12286/234889/14678/16440/19091",16
"Up","Organismal Systems","Digestive system","mmu04970","Salivary secretion","21/1425","87/9575",0.241379310344828,1.62189957652753,2.43650826416237,0.0149643393656411,0.0423179697883322,0.025647254417171,"27222/98660/18796/54195/60596/19092/64177/16534/232975/18751/17833/17105/17110/11513/16531/234889/11548/70405/104111/16440/19091",21
"Up","Environmental Information Processing","Signal transduction","mmu04020","Calcium signaling pathway","51/1425","255/9575",0.2,1.34385964912281,2.32711952018917,0.015003643834045,0.0423179697883322,0.025647254417171,"15559/12767/12372/227541/18796/14178/228785/54652/58861/14205/14173/18049/19204/15565/15234/18595/18439/269717/18590/18430/12288/14812/110891/20190/18751/233979/11540/14676/13617/12286/11513/73181/71785/14172/11548/18126/20698/70405/15466/18212/14062/104111/12062/14573/18591/18574/107589/16440/18596/14675/15566",51
"Up","Organismal Systems","Development and regeneration","mmu04360","Axon guidance","38/1425","181/9575",0.209944751381215,1.41068139963168,2.33235354304287,0.0158447767538931,0.0443116638032605,0.0268555538201579,"20353/12767/18846/18481/22065/13639/18176/13841/22417/13836/18707/108151/20346/20348/65254/16885/13848/20355/20130/244058/14159/16202/107449/13637/54712/117600/16412/73181/14678/237860/107448/20356/19354/223881/13837/19876/13640/93737",38
"Up","Metabolism","Glycan biosynthesis and metabolism","mmu00604","Glycosphingolipid biosynthesis - ganglio series","6/1425","15/9575",0.4,2.68771929824561,2.73521984731965,0.0161194820277411,0.0447010846147442,0.0270915664331783,"20448/50935/26938/14421/15211/20442",6
"Up","Human Diseases","Infectious disease: viral","mmu05171","Coronavirus disease - COVID-19","64/1425","334/9575",0.191616766467066,1.28753020275239,2.23651882616036,0.0177035648956906,0.0486848034631493,0.0295059414928177,"20846/56489/20344/14131/15139/71586/16176/13058/170744/170743/99571/14161/110135/24088/16194/18033/230073/21898/16476/12260/12262/12259/18707/100038882/16193/15945/246728/246727/23961/23960/246730/12267/50909/50908/667277/317677/12273/18751/16391/12362/17392/214763/17874/12981/216799/20296/20293/12985/20848/74145/20963/18035/14281/12274/109828/19094/17174/17857/17858/26415/12268/21926/12266/72512",64
"Down","Metabolism","Energy metabolism","mmu00190","Oxidative phosphorylation","92/1010","141/9575",0.652482269503546,6.18566111930342,21.3014647396077,5.23191545529634e-56,1.73699593115839e-53,1.31623978296403e-53,"12859/66495/227197/67273/338375/66052/226646/11949/68375/228033/68349/84682/67126/104130/54405/66142/66046/66377/11950/74776/230075/66576/67680/11958/12861/57423/17992/68202/140494/76252/13063/110935/11973/66108/66091/12865/110323/11944/68197/67003/70316/12869/66043/75406/66594/66414/11947/67184/66916/12857/66925/12858/12866/22273/66152/22272/69802/11951/71679/66694/67530/407785/66945/12867/68775/12864/66218/66445/67130/68194/100041273/100042503/11964/11957/28080/68342/78330/72900/17991/11946/225887/17995/12868/226139/67264/17716/17717/17708/17719/17721/17722/17711",92
"Down","Human Diseases","Cancer: overview","mmu05208","Chemical carcinogenesis - reactive oxygen species","110/1010","229/9575",0.480349344978166,4.55380690907519,18.691424248309,3.82106073767935e-48,6.34296082454772e-46,4.80649219108086e-46,"14859/12859/66495/227197/67273/66447/66052/226646/11949/68375/228033/68349/12359/84682/67126/104130/11740/54405/66142/66046/66377/11950/68312/13645/230075/66576/58810/67680/26414/231583/12861/17992/68202/66108/66091/13107/12865/110323/50490/68197/67003/70316/13106/12869/56484/103140/14872/66043/75406/66594/66414/11947/67184/66916/18104/12857/105675/13850/66925/12858/13076/14857/100042314/14858/12866/171429/22273/66152/22333/22272/11951/71679/77337/66694/67530/407785/66945/12867/12864/66218/66445/67130/68194/100041273/100042503/11957/20655/28080/12408/20656/68342/78330/71932/22339/72900/17991/11946/225887/17995/12868/12675/67264/68214/17716/17717/17708/17719/17721/17722/17711",110
"Down","Human Diseases","Cardiovascular disease","mmu05415","Diabetic cardiomyopathy","101/1010","217/9575",0.465437788018433,4.41244239631336,17.4601266784839,1.25515700651739e-42,1.38904042054591e-40,1.05257026160581e-40,"12859/66495/227197/67273/70456/66052/226646/11949/68375/228033/68349/18795/84682/67126/104130/11740/54405/66142/18597/66046/66377/11950/230075/12896/66576/67680/56717/18762/12491/26414/12861/11938/17992/68202/14433/66108/232493/66091/12865/110323/68197/67003/70316/12869/16334/66043/75406/66594/66414/11947/67184/66916/12857/68263/105675/66925/12858/12866/22273/66152/22333/22272/20528/18604/11951/11421/71679/20191/66694/67530/407785/66945/12867/12864/66218/66445/67130/19013/12895/68194/100041273/100042503/11957/28080/55951/68342/78330/72900/17991/11946/225887/17995/12868/67264/17716/17717/17708/17719/17721/17722/17711",101
"Down","Organismal Systems","Environmental adaptation","mmu04714","Thermogenesis","99/1010","238/9575",0.415966386554622,3.94344371411931,15.790077056199,1.50614031113778e-36,1.25009645824436e-34,9.47282985162972e-35,"12859/66495/227197/67273/271639/66052/226646/11949/68375/228033/68349/84682/67126/104130/54405/66142/66046/66377/11950/76947/68493/230075/108079/12896/66576/12163/67680/56717/19017/11958/12861/57423/17992/68202/23945/66108/66091/12865/110323/68197/67003/70316/12869/66043/75406/66594/66414/11947/14081/67184/22227/66916/12857/67892/66925/12858/12866/22273/66152/22272/69802/11951/71679/66694/67530/407785/66945/12867/66272/70127/214663/12864/66218/66445/67130/12895/68194/100041273/100042503/11957/28080/68342/78330/72900/17991/11946/12894/225887/17995/12868/226139/67264/17716/17717/17708/17719/17721/17722/17711",99
"Down","Human Diseases","Neurodegenerative disease","mmu05012","Parkinson disease","101/1010","274/9575",0.368613138686131,3.49452554744526,14.3860687065253,6.07298261009189e-32,4.03246045310102e-30,3.05566914486729e-30,"12859/66495/227197/22145/67273/66052/226646/11949/68375/228033/68349/84682/67126/104130/11740/54405/66142/66046/66377/11950/67547/230075/66576/68943/67680/170731/57320/26414/12861/22190/17992/68202/13063/66108/66091/12865/110323/68197/67003/70316/12869/66043/75406/66594/66414/11947/72002/110877/67184/66916/12857/105675/66925/12858/75600/12866/22273/66152/22333/22272/11951/22123/17762/69806/71679/66694/67530/407785/66945/12867/12864/66218/66445/56551/67130/66725/68015/68194/100041273/100042503/11957/20655/28080/50873/68342/78330/74764/72900/17991/11946/225887/17995/12868/67264/17716/17717/17708/17719/17721/17722/17711",101
"Down","Metabolism","Amino acid metabolism","mmu00280","Valine, leucine and isoleucine degradation","43/1010","57/9575",0.754385964912281,7.15172833072781,15.9957806696407,7.85605596764687e-31,4.34701763543127e-29,3.29403048468e-29,"227095/71724/56752/56357/15108/72039/13171/15107/11364/72535/15356/97212/231086/11409/11669/78894/58875/12035/12039/12036/73724/66885/93747/257633/110821/66948/110446/12040/66904/235674/11992/78038/208715/13382/104776/67041/268782/268860/74147/110460/17850/110695/52538",43
"Down","Metabolism","Global and overview maps","mmu01200","Carbon metabolism","62/1010","122/9575",0.508196721311475,4.81780555104691,14.5731221891681,3.74747217985166e-29,1.77737251958679e-27,1.34683586614217e-27,"227095/66052/14194/12359/170718/68738/60525/15929/18655/18597/110639/56185/11428/230163/67680/80911/11409/17448/56451/20917/14433/73724/269951/109264/93747/108037/14719/68133/68263/14661/20916/13885/110821/66925/235339/110446/67834/17436/66904/235582/434437/56012/18293/17449/20425/11676/11430/14121/66945/13382/104776/78920/76282/11429/18642/110460/17850/18563/225913/104174/18648/14718",62
"Down","Human Diseases","Neurodegenerative disease","mmu05020","Prion disease","96/1010","273/9575",0.351648351648352,3.33369600696333,13.4332517501991,1.65318001008343e-28,6.86069704184622e-27,5.19881608434131e-27,"12859/66495/227197/22145/67273/66052/226646/11949/69379/68375/228033/68349/84682/67126/104130/11740/54405/66142/66046/66377/11950/230075/242443/230558/66576/67680/26414/12861/17992/68202/13063/66108/66091/12865/110323/68197/67003/70316/12869/170483/66043/75406/66594/66414/11947/67184/66916/12857/105675/66925/12858/12866/22273/66152/22333/22272/11951/22123/14813/71679/20191/66694/67530/407785/66945/12867/12864/66218/66445/67130/68194/100041273/100042503/17968/11957/20655/28080/68342/78330/15511/193740/74764/72900/17991/11946/225887/17995/12868/67264/17716/17717/17708/17719/17721/17722/17711",96
"Down","Human Diseases","Endocrine and metabolic disease","mmu04932","Non-alcoholic fatty liver disease","70/1010","162/9575",0.432098765432099,4.09638186040826,13.6487131765152,2.9605473223957e-27,1.09211301226152e-25,8.27568198891897e-26,"12859/66495/227197/67273/66052/226646/68375/68349/84682/104130/54405/66142/66046/66377/230075/108079/66576/67680/26414/12861/17992/68202/13063/12122/66108/66091/12865/110323/68197/67003/70316/13106/12869/16334/75406/66594/66414/67184/66916/12857/66925/12858/12866/22273/66152/22272/21428/66694/67530/407785/66945/12867/12864/66218/66445/67130/19013/68194/100041273/100042503/68342/78330/72900/17991/225887/17995/12868/67264/17708/17711",70
"Down","Human Diseases","Neurodegenerative disease","mmu05016","Huntington disease","97/1010","308/9575",0.314935064935065,2.98564677896361,12.1633019243149,1.37443323937833e-24,4.56311835473605e-23,3.45778467590969e-23,"12859/66495/227197/22145/67273/66052/226646/16513/11949/68375/228033/68349/18795/84682/67126/104130/11740/54405/66142/66046/66377/11950/230075/66576/67680/56717/19017/26414/12861/17992/68202/13063/66108/66091/12865/110323/68197/381917/67003/70316/12869/66043/75406/66594/66414/11947/67184/22227/66916/12857/105675/66925/12858/12866/22273/66152/22333/22272/14778/11951/22123/71679/75512/66694/67530/407785/66945/12867/13411/12864/66218/66445/67130/68194/100041273/100042503/11957/20655/28080/20656/68342/78330/74764/72900/17991/11946/225887/17995/12868/67264/17716/17717/17708/17719/17721/17722/17711",97
"Down","Human Diseases","Neurodegenerative disease","mmu05010","Alzheimer disease","109/1010","389/9575",0.280205655526992,2.65640510066431,11.4530683919949,6.49220330599766e-23,1.9594649978102e-21,1.48481970347698e-21,"12859/66495/227197/22145/67273/66052/226646/11949/68375/228033/68349/18795/84682/67126/104130/11740/54405/66142/15108/66046/66377/17380/22414/11950/67547/230075/66576/67680/56717/26414/12861/18125/11938/17992/68202/13063/22419/12122/14433/66108/66091/12865/110323/50490/68197/67003/70316/12869/16334/66043/75406/66594/66414/11947/72002/16956/67184/66916/12857/105675/66925/12858/75600/68318/12866/22273/66152/22333/22272/11951/22123/17762/69806/14813/71679/12671/66694/67530/407785/66945/12867/12864/66218/66445/67130/68194/100041273/100042503/11957/28080/68342/78330/74764/72900/17991/11946/225887/17995/12868/12675/22423/67264/17716/17717/17708/17719/17721/17722/17711",109
"Down","Cellular Processes","Transport and catabolism","mmu04146","Peroxisome","45/1010","87/9575",0.517241379310345,4.90355069989758,12.5596005606048,7.07572293451455e-22,1.95761667854902e-20,1.48341910644647e-20,"111175/16922/12908/228061/12359/26458/59038/58869/56185/19299/209186/230161/12012/20280/15356/74114/80911/19301/13142/76263/51798/110959/18631/269951/56535/18634/14081/56690/93732/56794/28200/13850/235674/11430/69123/19300/17117/20524/93734/74147/20655/20656/26378/67993/54683",45
"Down","Metabolism","Carbohydrate metabolism","mmu00630","Glyoxylate and dicarboxylate metabolism","26/1010","32/9575",0.8125,7.70266089108911,13.041378201129,1.45044377945499e-20,3.70421026753121e-19,2.80693168655662e-19,"14645/12359/68738/60525/56185/11428/76238/68180/17448/73724/108037/68133/110821/110446/66904/235582/434437/17449/20425/71562/13382/11429/110460/17850/104174/67432",26
"Down","Human Diseases","Neurodegenerative disease","mmu05014","Amyotrophic lateral sclerosis","100/1010","375/9575",0.266666666666667,2.52805280528053,10.3658232072086,2.29688126121951e-19,5.44688984803483e-18,4.12747835662753e-18,"12859/66495/227197/22145/67273/66052/226646/11949/68375/228033/68349/12359/84682/67126/104130/54405/66142/237082/66046/66377/11950/230075/66576/68943/67680/56717/12861/18125/17992/68202/13063/12122/66108/66091/12865/110323/68197/381917/67003/70316/12869/103172/66043/75406/66594/66414/11947/67184/66916/12857/66925/12858/12866/22273/66152/22333/22272/14778/11951/22123/14813/71679/75512/66694/75477/67530/407785/66945/12867/382562/13411/12864/66218/66445/67130/68194/100041273/100042503/11957/20655/28080/50873/68342/78330/74764/72900/17991/11946/225887/17995/12460/12868/67264/17716/17717/17708/17719/17721/17722/17711",100
"Down","Metabolism","Lipid metabolism","mmu00071","Fatty acid degradation","32/1010","52/9575",0.615384615384615,5.83396801218583,12.0022388919235,5.4963799181391e-19,1.21653208854812e-17,9.21848982761575e-18,"11363/56752/15107/71519/11364/72535/12896/13119/13117/666168/100040843/97212/231086/80911/11409/11669/66885/93747/14081/270076/110446/235674/11370/11430/69123/12895/74147/110460/13177/110695/52538/12894",32
"Down","Human Diseases","Neurodegenerative disease","mmu05022","Pathways of neurodegeneration - multiple diseases","116/1010","481/9575",0.241164241164241,2.28628476153229,9.93976010093878,1.40839905468547e-18,2.92242803847236e-17,2.21452219782782e-17,"12859/66495/227197/22145/67273/66052/226646/11949/68375/228033/68349/12359/18795/84682/67126/104130/11740/54405/66142/15108/66046/66377/22414/11950/230075/66576/68943/67680/170731/56717/57320/26414/12861/18125/11938/22190/17992/68202/13063/22419/12122/66108/66091/12865/110323/50490/68197/381917/67003/70316/12869/66043/75406/66594/66414/11947/67184/66916/12857/105675/66925/12858/75600/12866/22273/66152/22333/22272/14778/11951/22123/17762/14813/71679/12671/20191/75512/66694/67530/407785/66945/12867/13411/12864/66218/66445/67130/66725/68015/68194/100041273/100042503/11957/20655/28080/50873/68342/78330/74764/72900/17991/11946/225887/17995/20743/12460/12868/22423/67264/17716/17717/17708/17719/17721/17722/17711",116
"Down","Metabolism","Carbohydrate metabolism","mmu00640","Propanoate metabolism","24/1010","31/9575",0.774193548387097,7.33950814436282,12.1398944422276,3.56436300766106e-18,6.96099128554984e-17,5.27481584415476e-17,"227095/68738/60525/13171/97212/80911/100705/11409/56451/20917/12039/73724/93747/56690/20916/110821/12040/66904/11430/13382/104776/268860/74147/17850",24
"Down","Metabolism","Carbohydrate metabolism","mmu00020","Citrate cycle (TCA cycle)","24/1010","32/9575",0.75,7.11014851485149,11.8885259066563,1.28452516483598e-17,2.36923530403081e-16,1.79533049354269e-16,"66052/14194/170718/18534/15929/18597/11428/67680/17448/56451/20917/269951/68263/20916/66925/235339/67834/18293/17449/66945/13382/78920/11429/18563",24
"Down","Metabolism","Global and overview maps","mmu01210","2-Oxocarboxylic acid metabolism","24/1010","34/9575",0.705882352941177,6.6919044845661,11.4167851705482,1.29989074715723e-16,2.27138804240105e-15,1.72118497823034e-15,"209692/170718/15929/18597/13171/11428/12035/12039/12036/269951/23923/14719/68263/235339/67834/12040/109652/18293/13382/78920/268782/76282/11429/14718",24
"Down","Metabolism","Amino acid metabolism","mmu00380","Tryptophan metabolism","29/1010","52/9575",0.557692307692308,5.28703351104341,10.6442575142234,1.0407354152352e-15,1.72762078929043e-14,1.30913560126954e-14,"71724/266645/56752/98256/209692/70266/70789/12359/15107/229905/72535/97212/11669/21743/93747/237320/209176/23923/270076/110446/13076/13195/71562/13382/78920/74147/110460/107766/110695",29
"Down","Metabolism","Carbohydrate metabolism","mmu00620","Pyruvate metabolism","26/1010","44/9575",0.590909090909091,5.60193519351935,10.5060948354078,4.7061269980001e-15,7.44016268255253e-14,5.6379165539951e-14,"56752/14194/68738/60525/18534/18597/76238/72535/58810/100705/11669/17448/109264/52815/68263/235339/110446/17436/17449/75572/74156/13382/110460/14651/110695/18563",26
"Down","Metabolism","Amino acid metabolism","mmu00260","Glycine, serine and threonine metabolism","24/1010","40/9575",0.6,5.68811881188119,10.202626104103,3.33332680603824e-14,5.03029318002135e-13,3.81179476862747e-13,"192166/67092/107869/76238/13142/14431/108037/68133/235582/11655/434437/56012/20425/27364/12116/74129/13382/268782/26912/12411/14711/110695/104174/18648",24
"Down","Metabolism","Global and overview maps","mmu01212","Fatty acid metabolism","30/1010","62/9575",0.483870967741935,4.58719259022676,9.73050779777111,5.3281086543419e-14,7.69100901409353e-13,5.82799985532134e-13,"11363/170439/15107/11364/12896/20280/26922/97212/231086/80911/11409/66885/93747/14081/106529/257633/71147/110446/235674/11370/11430/54326/12895/74147/110460/54397/52538/12894/56473/20249",30
"Down","Organismal Systems","Endocrine system","mmu03320","PPAR signaling pathway","36/1010","89/9575",0.404494382022472,3.83468683947046,9.22576197076532,1.57044539498765e-13,2.17244946306625e-12,1.64621249737741e-12,"11363/20183/11807/26458/18534/14933/11364/11832/12896/20280/13119/13117/666168/100040843/14077/12491/80911/22190/109264/12140/14081/16956/22227/93732/11814/17436/235674/13168/11430/208715/19013/12895/74147/12894/56473/20249",36
"Down","Metabolism","Carbohydrate metabolism","mmu00650","Butanoate metabolism","19/1010","27/9575",0.703703703703704,6.67125045837917,10.1332374406818,2.29354377004269e-13,3.04582612661669e-12,2.30802930964296e-12,"14415/15107/15356/97212/11409/78894/272428/233799/117147/93747/110446/214579/208715/217666/67041/268860/74147/71911/110460",19
"Down","Metabolism","Global and overview maps","mmu01240","Biosynthesis of cofactors","49/1010","153/9575",0.320261437908497,3.03614184947907,8.71818158644276,2.9246481688915e-13,3.73455073873838e-12,2.82992272212579e-12,"394430/394434/94284/22236/394436/98256/14287/70789/14854/18041/14630/72535/17025/11639/58810/20148/52064/11669/15445/29807/232087/20751/12035/68352/12036/67375/78914/108037/209176/18104/71147/11655/216558/20425/103711/71743/71562/13361/13382/108156/11565/68646/223646/12892/107766/14151/56248/75735/226139",49
"Down","Metabolism","Metabolism of other amino acids","mmu00410","beta-Alanine metabolism","20/1010","32/9575",0.625,5.92512376237624,9.5828213177109,1.59520571396238e-12,1.96151221124263e-11,1.48637101612869e-11,"227095/56752/14415/99586/72535/97212/80911/11409/11669/93747/103149/56690/11430/104776/246277/268860/74147/110695/338403/73458",20
"Down","Metabolism","Metabolism of cofactors and vitamins","mmu00670","One carbon pool by folate","21/1010","37/9575",0.567567567567568,5.38065293015788,9.16758117431046,6.20953796918987e-12,7.36273787775371e-11,5.5792465211894e-11,"192166/269378/107869/74340/232087/107747/108037/68133/434437/20425/13361/12116/64918/74129/13382/108156/11615/12411/14711/110695/104174",21
"Down","Organismal Systems","Circulatory system","mmu04260","Cardiac muscle contraction","33/1010","89/9575",0.370786516853933,3.51512960284793,8.18573209513158,2.76366854014786e-11,3.16392398389341e-10,2.3975200765711e-10,"12859/11931/12298/84682/66142/11928/66576/12861/11938/12865/110323/67003/12869/66594/12857/17888/11936/12858/12866/56808/22273/66152/22272/20191/66694/67530/12867/12864/66445/20541/12868/17708/17711",33
"Down","Organismal Systems","Digestive system","mmu04976","Bile secretion","35/1010","101/9575",0.346534653465347,3.28521713557494,7.92802814847043,6.36400244653781e-11,7.04282937416851e-10,5.33683012183347e-10,"394430/394434/94284/22236/394436/11931/27413/320024/11928/209186/230161/12012/23957/18671/18669/54403/11826/26357/28250/28248/625716/28254/11833/20494/11936/330962/76408/105243/15357/20517/108114/11829/140492/19879/12780",35
"Down","Organismal Systems","Nervous system","mmu04723","Retrograde endocannabinoid signaling","45/1010","153/9575",0.294117647058824,2.78829353523588,7.65696543884545,7.15945684025503e-11,7.66754732569248e-10,5.81022134064839e-10,"66495/227197/67273/226646/68375/16519/68349/18795/104130/54405/66046/66377/230075/14403/26414/17992/68202/23945/66108/66091/14402/68197/70316/75406/66414/67184/66916/407785/66218/67130/68194/100041273/100042503/68342/78330/72900/17991/225887/17995/67264/17716/17717/17719/17721/17722",45
"Down","Metabolism","Global and overview maps","mmu01230","Biosynthesis of amino acids","30/1010","79/9575",0.379746835443038,3.60007519739316,7.96843099284552,1.10863335155179e-10,1.15020710223499e-09,8.7159003625289e-10,"14645/11898/170718/15929/18655/110639/107869/11428/230163/109900/232087/14433/12035/12036/269951/18478/108037/14719/67834/109652/56012/20425/11676/76282/11429/18642/12411/18563/18648/14718",30
"Down","Metabolism","Metabolism of cofactors and vitamins","mmu00785","Lipoic acid metabolism","14/1010","19/9575",0.736842105263158,6.98540906722251,8.96760110794323,1.35818045995691e-10,1.36641185668392e-09,1.03542306197672e-09,"209692/18597/13171/12039/117147/68133/68263/235339/12040/434437/18293/13382/78920/104174",14
"Down","Metabolism","Energy metabolism","mmu00920","Sulfur metabolism","10/1010","11/9575",0.909090909090909,8.61836183618362,8.68124213099546,1.63108782875358e-09,1.59270929160643e-08,1.20690399712726e-08,"23827/59010/20342/20341/23971/66071/211389/22117/246221/23972",10
"Down","Metabolism","Amino acid metabolism","mmu00270","Cysteine and methionine metabolism","23/1010","55/9575",0.418181818181818,3.96444644464446,7.57094679542544,1.81760150293062e-09,1.72412485420847e-08,1.30648649383584e-08,"70266/269378/14854/14630/229905/107869/17448/74340/232087/12035/12036/14719/17449/12116/64918/104923/268782/22117/246221/11615/12411/14711/14718",23
"Down","Metabolism","Metabolism of other amino acids","mmu00480","Glutathione metabolism","27/1010","73/9575",0.36986301369863,3.50637461006375,7.38148283645626,1.88982374882788e-09,1.74283745725238e-08,1.32066630400545e-08,"14859/66447/14854/68312/14630/332942/76263/110175/100043497/100504710/69049/68396/66116/16790/269951/14598/103140/14872/625249/14857/100042314/14858/68044/14778/71522/75512/68214",27
"Down",NA,NA,"mmu04981","Folate transport and metabolism","15/1010","27/9575",0.555555555555556,5.26677667766777,7.62376154932286,1.03105770704523e-08,9.25165293889234e-08,7.01060574633884e-08,"14287/26357/53320/14275/108037/20425/52466/76408/13361/12116/64918/108156/19879/18399/12780",15
"Down","Metabolism","Xenobiotics biodegradation and metabolism","mmu00983","Drug metabolism - other enzymes","30/1010","95/9575",0.315789473684211,2.99374674309536,6.7061202975919,1.77665542908586e-08,1.55223579593817e-07,1.17623448075213e-07,"14859/394430/394434/94284/22236/394436/66447/22245/76654/68312/99586/72269/13106/103149/103140/14872/382044/104158/13897/234564/234669/234671/234673/72361/436059/14857/100042314/14858/22017/68214",30
"Down","Metabolism","Carbohydrate metabolism","mmu00010","Glycolysis / Gluconeogenesis","24/1010","67/9575",0.358208955223881,3.39589182798877,6.75777512450617,3.10898502713693e-08,2.64662315130631e-07,2.00552610387511e-07,"56752/68738/60525/18534/18655/18597/72535/230163/72157/58810/11669/14433/68263/235339/56012/11676/14377/14121/13382/18642/319625/110695/73458/18648",24
"Down","Organismal Systems","Digestive system","mmu04977","Vitamin digestion and absorption","14/1010","26/9575",0.538461538461538,5.1047220106626,7.19672971413776,5.52631608762483e-08,4.58684235272861e-07,3.47576196037456e-07,"80721/65969/69698/79235/330064/53320/26363/11808/21452/52466/238055/19300/93835/20522",14
"Down","Metabolism","Lipid metabolism","mmu01040","Biosynthesis of unsaturated fatty acids","16/1010","34/9575",0.470588235294118,4.4612696563774,6.942592271418,7.32381787660006e-08,5.93050618300298e-07,4.49394729783675e-07,"170439/209186/230161/12012/20280/70025/80911/106529/235674/11430/54326/26897/171282/171281/56473/20249",16
"Down","Metabolism","Amino acid metabolism","mmu00330","Arginine and proline metabolism","20/1010","54/9575",0.37037037037037,3.51118445177851,6.35444940116116,2.33208310216667e-07,1.84345616647461e-06,1.39691193337803e-06,"56752/12716/67092/72535/332942/212647/75986/13142/18125/11669/18242/14431/14719/67217/12709/19125/110695/338403/67432/14718",20
"Down","Metabolism","Lipid metabolism","mmu00062","Fatty acid elongation","14/1010","29/9575",0.482758620689655,4.5766473199044,6.62381381815235,3.27110379871952e-07,2.52559642133693e-06,1.91381593119698e-06,"170439/15107/26922/70025/97212/231086/93747/106529/54326/26897/171282/171281/54397/52538",14
"Down","Organismal Systems","Excretory system","mmu04964","Proximal tubule bicarbonate reclamation","12/1010","22/9575",0.545454545454545,5.17101710171017,6.72553964186235,4.21327277177212e-07,3.17910581870078e-06,2.40902438386014e-06,"11931/18534/11928/54403/11826/14661/11936/76257/17449/12351/27376/105243",12
"Down","Metabolism","Amino acid metabolism","mmu00250","Alanine, aspartate and glutamate metabolism","16/1010","39/9575",0.41025641025641,3.88931200812389,6.20850935226329,7.5140061645515e-07,5.54366677029133e-06,4.20081280310599e-06,"14645/11898/14415/212647/109900/53320/14719/14661/11484/214579/11565/268782/76282/268860/52633/14718",16
"Down","Metabolism","Xenobiotics biodegradation and metabolism","mmu00982","Drug metabolism - cytochrome P450","22/1010","72/9575",0.305555555555556,2.89672717271727,5.54733590632701,2.62988689539382e-06,1.89809228102336e-05,1.43831342791561e-05,"14859/71724/394430/394434/94284/22236/394436/226564/14261/55990/14262/66447/68312/76263/13106/103140/14872/14857/100042314/14858/73458/68214",22
"Down","Metabolism","Lipid metabolism","mmu00561","Glycerolipid metabolism","20/1010","63/9575",0.317460317460317,3.00958667295301,5.49521654159938,3.87146622544381e-06,2.73473784435605e-05,2.07229659099904e-05,"68393/56752/14933/72535/58810/231510/11669/23945/67800/233549/28169/16956/235582/14245/217480/116939/110695/225913/14732/18946",20
"Down","Metabolism","Metabolism of other amino acids","mmu00430","Taurine and hypotaurine metabolism","11/1010","22/9575",0.5,4.74009900990099,6.03070750903076,4.00973184490595e-06,2.77339785939328e-05,2.10159190993974e-05,"226564/14261/55990/14262/14415/209186/230161/12012/14598/71522/246277",11
"Down","Metabolism","Xenobiotics biodegradation and metabolism","mmu00980","Metabolism of xenobiotics by cytochrome P450","22/1010","76/9575",0.289473684210526,2.74426784783742,5.24233466772832,7.05975157049069e-06,4.7833418804141e-05,3.62466299752368e-05,"14859/394430/394434/94284/22236/394436/66447/68312/110198/76263/13107/13106/103140/14872/13076/14857/100042314/14858/77337/12408/73458/68214",22
"Down","Metabolism","Metabolism of other amino acids","mmu00450","Selenocompound metabolism","9/1010","17/9575",0.529411764705882,5.01892836342458,5.69501572337739,1.73035476620303e-05,0.000112642702427334,8.5357025618684e-05,"50880/70266/23971/229905/107869/21743/20768/26462/23972",9
"Down","Metabolism","Energy metabolism","mmu00910","Nitrogen metabolism","9/1010","17/9575",0.529411764705882,5.01892836342458,5.69501572337739,1.73035476620303e-05,0.000112642702427334,8.5357025618684e-05,"14645/23831/12319/230099/12354/12352/14661/76459/12351",9
"Down","Metabolism","Metabolism of cofactors and vitamins","mmu00770","Pantothenate and CoA biosynthesis","10/1010","21/9575",0.476190476190476,4.51438000942951,5.5361705865001,1.93573381810817e-05,0.000123589159156137,9.36518992971364e-05,"99586/72535/11669/12035/12036/22361/103149/71743/246277/75735",10
"Down","Metabolism","Amino acid metabolism","mmu00310","Lysine degradation","19/1010","64/9575",0.296875,2.81443378712871,5.00105620429634,1.98662111253628e-05,0.00012444494516265,9.43003864739167e-05,"269132/56752/209692/170442/15107/72535/97212/11669/30956/93747/23923/270076/110446/235386/13382/78920/74147/110460/110695",19
"Down","Metabolism","Lipid metabolism","mmu00590","Arachidonic acid metabolism","23/1010","89/9575",0.258426966292135,2.44993881410613,4.71896584301911,3.38185332464664e-05,0.000207921352552349,0.000157556129549814,"66350/71519/242546/546837/100066/665095/13109/13119/13117/666168/100040843/18781/66469/13094/13106/14598/625249/15446/13850/11684/77219/12408/100043108",23
"Down","Metabolism","Carbohydrate metabolism","mmu00053","Ascorbate and aldarate metabolism","12/1010","31/9575",0.387096774193548,3.66975407218141,5.11246801564717,3.72493218852542e-05,0.000224850452107353,0.00017038445800145,"394430/394434/94284/22236/394436/56752/72535/58810/11669/16591/56727/110695",12
"Down","Metabolism","Metabolism of cofactors and vitamins","mmu00830","Retinol metabolism","25/1010","102/9575",0.245098039215686,2.3235779460299,4.61476461829633,4.12377730751063e-05,0.000244481083230987,0.000185259920393804,"71724/394430/394434/94284/22236/394436/79235/13119/13117/666168/100040843/20148/67442/232174/13094/13086/13087/19683/216453/216454/54150/19682/28200/13076/100043108",25
"Down","Metabolism","Carbohydrate metabolism","mmu00040","Pentose and glucuronate interconversions","13/1010","36/9575",0.361111111111111,3.42340484048405,5.00229744237839,4.20507264407121e-05,0.000244927038216078,0.000185597850772488,"394430/394434/94284/22236/394436/20322/75578/58810/16591/68631/102448/216558/67880",13
"Down","Metabolism","Lipid metabolism","mmu00140","Steroid hormone biosynthesis","24/1010","99/9575",0.242424242424242,2.2982298229823,4.45861905364725,7.05453000205506e-05,0.000403811027703841,0.000305995040016544,"394430/394434/94284/22236/394436/100043461/100043456/15496/15493/15494/208665/13094/13106/15484/13076/192970/105349/77337/13105/380997/76279/94224/100043108/13074",24
"Down","Human Diseases","Drug resistance: antineoplastic","mmu01523","Antifolate resistance","11/1010","29/9575",0.379310344827586,3.59593717992489,4.80757620907994,9.79409292085263e-05,0.000551125228766623,0.000417625014823154,"14287/26357/14275/108037/20425/11684/52466/76408/13361/12780/12675",11
"Down","Metabolism","Amino acid metabolism","mmu00220","Arginine biosynthesis","9/1010","21/9575",0.428571428571429,4.06294200848656,4.82502444529084,0.00014142779350561,0.000782567124064375,0.000593004256979663,"14645/11898/18125/109900/14719/14661/109652/76282/14718",9
"Down","Metabolism","Amino acid metabolism","mmu00340","Histidine metabolism","10/1010","26/9575",0.384615384615385,3.64623000761615,4.63958389308315,0.000177974800025833,0.00096864973128814,0.000734011686042693,"56752/140483/15186/72535/11669/243537/11484/110695/338403/73458",10
"Down","Organismal Systems","Excretory system","mmu04966","Collecting duct acid secretion","10/1010","27/9575",0.37037037037037,3.51118445177851,4.48691668512423,0.000256181375640075,0.00137180994697588,0.00103951356159555,"338375/56365/140494/76252/110935/11973/11944/20533/68775/11964",10
"Down","Organismal Systems","Digestive system","mmu04975","Fat digestion and absorption","13/1010","43/9575",0.302325581395349,2.86610637807967,4.21135956522602,0.000329861812124983,0.00173831939088086,0.00131724265827687,"66350/17777/18781/12491/67800/233549/14719/11808/110446/237636/238055/110460/18946",13
"Down","Organismal Systems","Digestive system","mmu04978","Mineral absorption","15/1010","55/9575",0.272727272727273,2.58550855085509,4.04925543650885,0.000410882748907271,0.00213145425995647,0.00161514764784273,"11931/142681/12309/11928/11941/14325/11979/11936/171429/52466/20505/74338/105243/20541/14319",15
"Down","Organismal Systems","Endocrine system","mmu04913","Ovarian steroidogenesis","16/1010","64/9575",0.25,2.3700495049505,3.77621637423783,0.000767698471095819,0.00392116757544326,0.00297133497314819,"100043461/100043456/15496/15493/15494/242546/546837/100066/665095/13109/16334/13076/26897/171282/171281/13074",16
"Down","Metabolism","Amino acid metabolism","mmu00360","Phenylalanine metabolism","8/1010","21/9575",0.380952380952381,3.61150400754361,4.11387830408158,0.000862801771665922,0.00434015436656191,0.0032888297197473,"15445/17319/18478/14719/13195/73458/240549/14718",8
"Down","Organismal Systems","Endocrine system","mmu04922","Glucagon signaling pathway","22/1010","104/9575",0.211538461538462,2.00542650418888,3.54007771125356,0.00105435585155589,0.00522456929427694,0.00395901097442038,"18795/18534/18597/20526/108079/19017/100705/232493/102093/68263/75600/56012/14377/14527/14121/110095/19013/12895/18642/17691/12894/18648",22
"Down","Metabolism","Lipid metabolism","mmu00120","Primary bile acid biosynthesis","7/1010","18/9575",0.388888888888889,3.68674367436744,3.91782839403781,0.00158920968498865,0.00765953063680121,0.00580414655103199,"209186/230161/12012/20280/208665/93732/17117",7
"Down","Organismal Systems","Digestive system","mmu04979","Cholesterol metabolism","13/1010","50/9575",0.26,2.46485148514852,3.56606964393047,0.00159189040343158,0.00765953063680121,0.00580414655103199,"11807/27413/14725/320024/30924/12491/16976/16956/12684/11814/11808/22333/238055",13
"Down","Metabolism","Metabolism of terpenoids and polyketides","mmu00900","Terpenoid backbone biosynthesis","8/1010","23/9575",0.347826086956522,3.29746018080069,3.78798690453866,0.0017161938823535,0.00813966241344802,0.00616797500575167,"56075/71365/52014/192156/110446/15357/208715/110460",8
"Down","Organismal Systems","Digestive system","mmu04974","Protein digestion and absorption","22/1010","108/9575",0.203703703703704,1.93115144847818,3.34171745524625,0.00176812814952043,0.00826786684001102,0.00626512420660315,"12829/12828/11931/170745/17380/11928/77018/373864/30962/20540/50934/56373/11936/245026/74338/105243/17287/20541/20532/17288/17254/20510",22
"Down","Metabolism","Amino acid metabolism","mmu00350","Tyrosine metabolism","11/1010","40/9575",0.275,2.60705445544554,3.49738912253901,0.00220847198691736,0.0101835097174523,0.00771673691335161,"71724/15445/14085/17319/14719/13195/14874/15233/68636/73458/14718",11
"Down","Human Diseases","Cancer: overview","mmu05204","Chemical carcinogenesis - DNA adducts","19/1010","90/9575",0.211111111111111,2.00137513751375,3.27750306353866,0.0023082419674502,0.0104765551866158,0.00793879736715658,"14859/394430/394434/94284/22236/394436/66447/68312/76263/13106/103140/14872/13076/14857/100042314/14858/12408/100043108/68214",19
"Down","Environmental Information Processing","Membrane transport","mmu02010","ABC transporters","13/1010","52/9575",0.25,2.3700495049505,3.40169016648951,0.00233513579460715,0.0104765551866158,0.00793879736715658,"27413/19299/11304/18671/18669/74610/26357/27421/268379/76408/19300/27410/12780",13
"Down","Metabolism","Metabolism of cofactors and vitamins","mmu00860","Porphyrin metabolism","12/1010","47/9575",0.25531914893617,2.42047609016221,3.35216739439687,0.00281103359358449,0.0124435087076007,0.00942929163321676,"394430/394434/94284/22236/394436/17025/14325/11655/12892/14151/14319/226139",12
"Down","Organismal Systems","Endocrine system","mmu04920","Adipocytokine signaling pathway","16/1010","72/9575",0.222222222222222,2.10671067106711,3.23678383050241,0.00289087970655364,0.0126285797707343,0.00956953254662495,"20183/18534/108079/56717/12491/19017/26414/100705/109648/14081/20528/14377/19013/12895/12894/12675",16
"Down","Organismal Systems","Excretory system","mmu04960","Aldosterone-regulated sodium reabsorption","10/1010","38/9575",0.263157894736842,2.49478895257947,3.1703667259663,0.00490078761785129,0.0211306686899562,0.0160121427295483,"11931/11928/108017/20276/16334/20393/110784/15484/56379/11936",10
"Down","Metabolism","Carbohydrate metabolism","mmu00030","Pentose phosphate pathway","9/1010","34/9575",0.264705882352941,2.50946418171229,3.02767348467905,0.00716835969630828,0.0305114797330045,0.0231206203430186,"110639/230163/72157/232449/235582/74637/11676/14121/18642",9
"Down","Metabolism","Carbohydrate metabolism","mmu00500","Starch and sucrose metabolism","9/1010","35/9575",0.257142857142857,2.43776520509194,2.92611586490729,0.00876781603015753,0.0368470243292696,0.0279214927542658,"76051/72157/232714/232493/58866/216558/14377/110095/74185",9
"Down","Human Diseases","Endocrine and metabolic disease","mmu04931","Insulin resistance","20/1010","110/9575",0.181818181818182,1.72367236723672,2.62133024265693,0.0104364361886314,0.0433112101828205,0.0328198453826699,"26458/18534/20526/108079/56717/18762/12491/19017/26414/100705/232493/16334/20528/21428/14377/110095/19013/12895/170826/12894",20
